sample_id,feature_1,feature_2,label,split
class1_2787,-0.1185169991,-0.0848793355,1,development_pool
class1_2607,-1.5881695943,-0.6934841753,1,development_pool
class1_2605,-2.2610431419,0.3373252626,1,development_pool
class0_0501,-1.5437633018,-0.1113269597,0,test
class0_2637,1.0967784611,2.1795401814,0,test
class1_2434,-0.0530388109,-1.2841195254,1,development_pool
class0_2392,2.8618544247,1.3459694465,0,development_pool
class0_2020,1.0547643535,-0.0124525401,0,development_pool
class1_2468,0.0939391039,-1.5641943601,1,test
class0_2529,-0.1880231828,-0.1578785830,0,development_pool
class1_0954,-0.3655754925,-0.7968290395,1,development_pool
class1_2176,0.5473752891,-1.8151212214,1,development_pool
class0_1493,2.8136127335,1.3263154083,0,development_pool
class0_0461,0.2765988225,-1.3136718412,0,development_pool
class1_2038,-1.1302395473,-1.6111031742,1,test
class1_2583,-2.7985299735,-2.5065789173,1,development_pool
class0_1704,-0.2448049172,-0.0493309494,0,development_pool
class0_1766,-2.3595584756,0.5183816199,0,development_pool
class0_0979,0.0955888938,4.9565680200,0,development_pool
class0_2046,0.4419249587,2.6425607378,0,development_pool
class1_0343,-0.6263019035,-0.4042927304,1,test
class1_1294,-0.6096464803,-3.9271369349,1,test
class0_2636,-2.7291066300,1.2800647124,0,development_pool
class0_0990,0.9179147891,1.5485174807,0,development_pool
class1_0232,-0.8043996449,0.1237272459,1,development_pool
class0_1156,-0.5863527163,2.1947767575,0,development_pool
class1_2044,1.4890980714,-0.6515295508,1,test
class1_0141,-0.7515830586,-0.4636846419,1,development_pool
class1_0037,-1.0261820575,-0.3247749329,1,development_pool
class0_0529,-0.3841492719,1.4326347126,0,development_pool
class1_0575,-1.2248224194,-2.3677192079,1,test
class0_0211,-2.8146783078,-0.0953159679,0,development_pool
class1_2743,0.0804996153,0.0442578479,1,test
class1_2448,-0.3893945449,0.0270362689,1,development_pool
class1_1001,-0.0785436697,-0.8587952980,1,development_pool
class1_0242,0.5981864636,0.0829567038,1,development_pool
class0_2432,2.1978949535,0.1056226503,0,development_pool
class0_0683,-0.5123709193,-0.7579638778,0,development_pool
class1_2377,2.5046069755,0.7616152405,1,development_pool
class1_2228,0.8183551895,0.0578981707,1,development_pool
class1_0188,-1.1880187980,0.5137466544,1,development_pool
class1_0738,-1.7498530137,0.9307500153,1,development_pool
class0_1330,-0.0915676639,0.7655254406,0,test
class1_2403,-0.8708960284,-1.8946668082,1,development_pool
class1_1395,-0.5943652511,-1.6945041518,1,development_pool
class0_2405,-0.5291679979,-1.1789535227,0,development_pool
class0_1271,2.1480002689,0.1983328448,0,development_pool
class0_1919,-0.9683081945,-0.3799747026,0,test
class1_1753,-3.0206061860,-1.4858035421,1,development_pool
class0_1674,-0.4622686083,2.0018505429,0,development_pool
class0_0493,1.4006830987,-0.3938477613,0,development_pool
class0_1696,2.6179353640,1.3742050835,0,development_pool
class1_1987,-1.7695837745,-0.8342095439,1,development_pool
class0_2370,1.2515978572,2.3383489004,0,development_pool
class0_0091,0.5703912253,-0.7575115512,0,development_pool
class1_1510,-0.8312759211,0.2002975677,1,development_pool
class0_2996,-0.2474999727,0.2271565719,0,development_pool
class1_2352,-1.0855868829,0.8852946426,1,development_pool
class0_2015,-1.6378324406,-0.3951803759,0,development_pool
class0_0988,0.8186937845,0.2168035851,0,development_pool
class1_0497,-2.2289722777,-0.5657243142,1,development_pool
class1_2142,-1.6694106096,-1.3080069780,1,development_pool
class1_1383,-0.0863894007,-0.7915384963,1,development_pool
class0_1658,0.5203359756,1.1654914037,0,development_pool
class0_2422,-0.0406870187,-0.2601280646,0,development_pool
class1_2250,-1.7882473067,-1.5783449753,1,development_pool
class0_1551,0.5079066089,1.8333277366,0,test
class0_2849,1.4565829144,0.3021739686,0,development_pool
class1_2314,-1.1800717819,-2.2862604948,1,development_pool
class1_0615,-1.1653926154,-0.1394192151,1,development_pool
class1_2513,-1.8558849268,0.6198978270,1,development_pool
class1_0216,2.1244062187,-1.9315882920,1,development_pool
class1_2877,0.5814820517,0.1759331005,1,development_pool
class0_2572,-0.1652084470,-0.7964429309,0,development_pool
class0_0345,-0.5186007288,0.1696490339,0,development_pool
class1_1261,-0.4348487387,-0.1219132169,1,test
class1_2087,-1.3832585633,-0.8311065631,1,test
class0_1763,1.9612104087,0.1426433877,0,development_pool
class1_1995,1.0276774471,-0.1664618947,1,development_pool
class1_1756,2.5583110156,0.9784415828,1,test
class0_0977,1.8656583347,0.8528478780,0,development_pool
class1_2089,-0.8517744368,-0.0003775674,1,development_pool
class0_0181,-1.1799498208,1.1945590929,0,development_pool
class0_1382,0.1398092624,-0.8386267484,0,development_pool
class0_1191,2.1557079073,0.6728960860,0,development_pool
class0_0458,0.3742761354,0.8065344245,0,development_pool
class1_0151,0.8264075035,-1.4059516456,1,development_pool
class0_1915,-0.9937501469,-0.2487305332,0,development_pool
class0_1498,1.3430529926,1.4630852957,0,development_pool
class1_2654,0.6094367863,-1.1406365163,1,development_pool
class0_2878,1.4930783171,-0.1216018840,0,development_pool
class0_2152,0.8792602044,1.9690060472,0,development_pool
class0_0396,-0.0684458197,0.2533025617,0,development_pool
class0_1944,2.7090104757,2.4578490929,0,test
class0_0985,-0.1933083105,1.5631207709,0,development_pool
class1_1054,-1.0978562111,0.1705705768,1,development_pool
class0_2081,0.1161572567,0.8595021035,0,development_pool
class1_2620,-0.7548666349,-0.5552536598,1,development_pool
class0_0201,2.4768807863,1.5483329934,0,development_pool
class0_1377,1.0587403525,0.8250635746,0,development_pool
class0_0399,0.0096371435,1.0654134841,0,test
class0_2272,2.6905853350,1.7646825415,0,development_pool
class1_0830,-0.5705022116,-1.8710927119,1,development_pool
class0_0718,0.4396600902,0.8774310671,0,development_pool
class1_2613,0.8273779252,-3.4597441849,1,test
class0_0193,1.1036819509,1.3366710031,0,development_pool
class1_0034,-0.5570989044,1.1427073073,1,development_pool
class0_1401,-1.7604156415,2.4116141710,0,development_pool
class1_2509,0.2444482570,-0.9134641632,1,development_pool
class1_0473,0.3631191833,2.0411205313,1,test
class0_2902,-0.5194607166,2.2983647728,0,development_pool
class1_1521,-0.9345908791,-0.4765477763,1,development_pool
class0_1154,0.0663154579,-0.2174915234,0,development_pool
class1_2696,0.4906127239,1.1289905845,1,development_pool
class0_2162,0.1763300633,-1.4916540687,0,development_pool
class1_1114,-1.7826236697,1.6034956414,1,development_pool
class0_0252,1.3907236029,2.2628717941,0,development_pool
class1_1878,-0.8765824823,0.7449778812,1,development_pool
class1_2261,-0.2226385392,0.0029503423,1,development_pool
class1_2209,-1.8755334041,-1.5387297053,1,development_pool
class0_0770,3.8347253057,-0.6149641814,0,development_pool
class1_1685,-1.7111869584,-1.1391259739,1,development_pool
class1_1705,-1.1807816450,0.9196229551,1,development_pool
class1_1999,1.9421324792,0.8494605090,1,development_pool
class0_1173,1.6929896269,3.3926912992,0,development_pool
class0_0777,1.9734261841,0.6924286479,0,development_pool
class0_2460,-1.7831355664,0.2195768245,0,development_pool
class1_1484,-0.3850561732,0.0743922419,1,test
class1_1479,0.8801132993,0.3264082876,1,development_pool
class1_0184,1.5164064938,-2.0490181599,1,development_pool
class1_2075,1.4481608740,0.8390164984,1,development_pool
class1_0544,0.8299963320,-2.0919816917,1,development_pool
class1_2655,0.8416789614,-0.9104391667,1,test
class1_1618,-0.5999680442,-2.6332336477,1,development_pool
class0_1380,1.0902458448,2.0549459247,0,test
class0_0348,0.1771083834,-0.3024388984,0,development_pool
class0_2064,-0.0577297136,2.7288431026,0,test
class1_1722,0.3606320075,0.4839161109,1,development_pool
class1_2797,-3.7171151152,-1.7094723049,1,development_pool
class0_0669,1.3162168736,0.8476328502,0,development_pool
class0_2928,3.2035841358,0.4178018403,0,development_pool
class0_0579,-0.5918925335,2.8975660115,0,development_pool
class1_1603,1.8838898511,-0.7571373754,1,development_pool
class1_1300,0.2461311184,0.7812444676,1,development_pool
class0_1027,1.3596092916,0.8890789511,0,development_pool
class1_1777,-0.8518354434,-1.2027702946,1,development_pool
class0_0005,0.5251173062,1.3656477114,0,development_pool
class0_1745,2.6146135288,0.1396235377,0,test
class0_1384,0.1796468828,0.8841284747,0,test
class1_2249,0.8434985989,0.9785959916,1,development_pool
class1_0563,-0.2751659478,-3.2714417991,1,development_pool
class1_1910,-0.3251563303,1.3920386628,1,development_pool
class0_2394,0.3105503626,-0.6974475075,0,test
class0_1571,1.3444259828,-1.9510605662,0,development_pool
class0_0869,2.3267274990,0.6724943260,0,development_pool
class0_2285,-0.8885597815,-0.8666398345,0,test
class0_2796,1.2215001594,0.8280798676,0,development_pool
class1_0679,-0.6114467899,-0.9694026851,1,development_pool
class0_1870,1.8957584801,-0.1926271257,0,test
class1_2892,1.5835215427,0.9000535522,1,development_pool
class1_0539,-2.8551616419,0.3359365131,1,test
class1_0680,-0.8747393727,2.1361626231,1,development_pool
class0_1664,0.9587283425,0.0458326250,0,test
class0_1453,1.3579212231,2.5207134694,0,development_pool
class1_2895,-2.5478074990,-1.4953144016,1,development_pool
class1_2302,1.2304396137,-0.6067822277,1,development_pool
class1_1440,-0.5351658897,-1.5397700545,1,development_pool
class0_2395,2.6149169189,2.3511539771,0,test
class1_1033,0.2662477648,0.4061551042,1,development_pool
class1_1094,-1.5185168392,-0.5390915370,1,development_pool
class0_0011,-0.7155509375,-1.0653220782,0,test
class1_0668,-0.9628624991,-0.4959246744,1,development_pool
class1_2025,-1.2700418444,-0.5980829375,1,development_pool
class1_1931,-1.4404423284,-0.7082319561,1,development_pool
class0_2626,1.8333992268,0.9990444799,0,test
class0_2586,1.1925231226,-0.7805071253,0,test
class0_1835,0.3725059771,0.8971981138,0,development_pool
class0_2143,1.0816863760,1.3965381630,0,test
class1_0940,-0.2569063961,0.3612901283,1,test
class0_1872,0.0646503745,0.3250075064,0,development_pool
class0_0679,0.7147229071,1.3217030623,0,development_pool
class1_1124,-0.2092649271,-0.8286738405,1,development_pool
class0_2541,1.3373150615,1.5478884956,0,development_pool
class1_2126,-0.7407507515,0.7997341545,1,development_pool
class1_1308,0.2689550569,-1.2461916960,1,development_pool
class0_1167,2.2165351018,1.6634278423,0,development_pool
class0_0068,0.1716683872,2.5728164425,0,test
class1_2240,-2.6077591054,-1.9984688973,1,test
class0_2126,-0.6833434166,-0.3569772336,0,development_pool
class1_2900,-0.9855733065,-3.2955443913,1,test
class0_2590,0.6063186418,0.6306375627,0,development_pool
class0_1372,0.0263853517,0.8910513696,0,development_pool
class1_2357,2.3474613976,-0.6319724614,1,development_pool
class0_2389,-0.4084254469,1.4544040164,0,development_pool
class1_0814,-1.9262968245,-1.1641037921,1,test
class0_1340,0.6136146611,0.2054824397,0,development_pool
class0_2981,-0.3599077756,2.9016049776,0,test
class1_2950,0.3190249874,1.9258041235,1,test
class0_0415,1.1168936349,0.6803547960,0,test
class1_0933,0.7235465778,-0.8528889804,1,development_pool
class1_0764,-1.1513460682,-1.7762592835,1,development_pool
class0_2449,2.9694416734,1.2342716678,0,development_pool
class1_0855,0.8692779675,-0.4903209955,1,development_pool
class0_0616,2.0899279707,-0.0321616803,0,development_pool
class1_0623,-0.6758344731,-1.6503357374,1,development_pool
class0_1197,2.4232386839,1.4162259348,0,development_pool
class0_1119,1.2253776759,-0.2524589180,0,development_pool
class0_2363,3.0325661419,-1.8790362883,0,development_pool
class0_1299,0.9119067923,1.2392260809,0,development_pool
class1_2133,-1.5348889608,-0.9140694769,1,development_pool
class1_2722,-0.3149760827,0.3471120400,1,test
class1_0250,-0.1595938206,-0.7143281133,1,development_pool
class1_2470,1.3533711230,2.3756057464,1,development_pool
class0_0773,0.7081975462,1.4344195009,0,development_pool
class1_0585,-1.5593969415,-1.4996675309,1,development_pool
class0_2290,0.3931614961,1.6814966815,0,development_pool
class1_1252,-2.0940519908,-2.5017396804,1,development_pool
class0_1426,0.3746357762,1.6656311210,0,development_pool
class0_0604,1.6794486324,0.6524869468,0,development_pool
class0_1677,0.0338979427,0.1534282726,0,development_pool
class1_0676,0.2705428774,0.4664526571,1,development_pool
class1_1694,-1.0979417687,1.6077098834,1,development_pool
class1_0054,-2.0511187841,-3.3845974874,1,development_pool
class1_0503,-1.7729620155,-0.5693446132,1,development_pool
class1_2987,1.0455042502,-0.2127032851,1,test
class0_0749,-2.3917104695,-0.5197175546,0,test
class1_1827,-1.8591294569,0.4931998380,1,test
class0_0382,-1.8543017647,-2.0031171214,0,test
class1_2567,-1.7445218891,0.0566447384,1,development_pool
class1_2772,-1.4690218102,-0.0535058051,1,test
class0_2041,0.4396795116,-0.6419667732,0,development_pool
class0_1488,-0.4465111275,-0.2826780585,0,development_pool
class1_0605,-0.1892506899,1.5995932015,1,development_pool
class1_1002,-0.8900995724,0.2171580587,1,development_pool
class1_2067,0.5235331810,0.0996311098,1,development_pool
class1_1353,-2.6688195199,-1.6407781225,1,test
class0_2713,0.1604304887,1.1765342193,0,development_pool
class1_2962,-0.1532529726,-1.1008838819,1,development_pool
class1_1270,-1.3155300310,-0.3145502411,1,development_pool
class0_2140,0.2826971173,0.8465579940,0,development_pool
class0_1987,0.1031183527,0.2374298511,0,development_pool
class1_2637,-0.4252561250,0.7884836383,1,development_pool
class0_0186,0.0909997894,0.8624954247,0,development_pool
class1_2812,0.4102225310,-1.0943383447,1,development_pool
class1_2750,0.0648934435,-0.6075081377,1,development_pool
class1_0651,0.5259732358,-0.2717663779,1,development_pool
class1_2805,1.2957561088,0.1357020563,1,development_pool
class0_2629,1.4635045712,0.3191193276,0,development_pool
class1_1343,-1.5802558091,-1.0734053680,1,development_pool
class0_0484,-0.2533203809,2.5366845407,0,development_pool
class1_0622,0.8082153771,-0.1881999718,1,development_pool
class1_1639,-0.4051994960,0.2108178729,1,test
class1_1224,-2.8427448800,0.5803613590,1,development_pool
class1_1277,-1.0057945349,-0.9940823538,1,test
class0_2836,-1.9048924127,-1.8336196248,0,development_pool
class1_0154,-0.3948754229,0.9327453703,1,development_pool
class0_1476,-1.2462840015,-0.0419297093,0,test
class0_0902,2.3445717947,-0.0004644587,0,development_pool
class1_2114,0.0614795021,0.1958891822,1,development_pool
class0_2396,1.0617189620,0.4422302585,0,test
class0_2407,0.4971253860,-0.7483461426,0,development_pool
class1_0717,-0.2215970104,-1.6536052341,1,development_pool
class1_1117,1.8881846349,0.9912261383,1,test
class0_1659,1.3120277115,-0.2097504516,0,development_pool
class0_0946,-0.0232254109,-0.0132760733,0,development_pool
class0_2835,1.1082478980,3.1746948093,0,development_pool
class0_1460,-0.5968130028,1.4107429292,0,test
class0_0083,-0.7336775747,-0.0942001124,0,development_pool
class0_1270,1.6392394897,1.7243430485,0,development_pool
class0_0180,0.8346126254,-0.4469280417,0,development_pool
class0_2225,-1.1154212499,1.2032725430,0,development_pool
class0_1331,2.3085850862,0.9219488491,0,development_pool
class1_0474,0.5484932232,1.9398505989,1,development_pool
class0_0272,-1.1192506269,1.1140178772,0,development_pool
class1_0376,-0.7547528225,-1.9419345730,1,development_pool
class0_0233,0.7777260604,0.4354014288,0,development_pool
class1_2804,0.0881896632,0.4379789815,1,test
class0_1691,-2.4761475066,-0.6317575551,0,development_pool
class1_2120,0.2778595466,1.5790960323,1,development_pool
class0_0635,0.2403113154,2.1552586281,0,development_pool
class0_1392,2.4486206866,0.8342924248,0,development_pool
class1_2066,-0.0049642149,-1.6104385031,1,test
class1_0128,1.5747113560,-1.8417159957,1,development_pool
class1_2665,0.6109668930,-0.0991807977,1,development_pool
class0_1590,-0.8246664396,-0.0258588399,0,development_pool
class1_1108,-0.2051686299,0.1664406400,1,development_pool
class1_1784,0.0354884965,0.8361507555,1,test
class0_0569,0.3224701384,-1.5793317111,0,development_pool
class1_1061,-0.6675330847,-2.4959402252,1,development_pool
class0_1069,-0.7964952161,1.6032364838,0,development_pool
class1_0085,-0.6859491869,-0.0067631533,1,development_pool
class0_1126,-0.5495318555,1.7915392959,0,test
class0_2314,1.7007064093,0.5651958735,0,development_pool
class1_0124,-1.5073581885,-0.5123093940,1,test
class0_2036,0.5032274963,-0.5885331015,0,development_pool
class0_2631,-0.0848386225,-1.2916903208,0,development_pool
class0_1895,-0.6812860268,1.3377436268,0,test
class1_1215,1.6009871749,0.7752608020,1,development_pool
class1_1586,0.5077752993,0.5768222436,1,development_pool
class1_2139,-0.9155709668,-0.3089824944,1,development_pool
class0_2045,-0.2810280167,-0.8811265918,0,development_pool
class1_0421,0.5412687707,-0.3341191507,1,development_pool
class0_2496,1.9624019531,3.0208464963,0,test
class0_1070,2.8122603700,0.5387800043,0,test
class0_1059,1.4870886353,-0.0533507920,0,test
class0_2483,1.3046211334,0.9394588430,0,development_pool
class0_2652,-0.7426674019,0.1149188280,0,development_pool
class0_1602,-0.7014878729,1.2797225259,0,test
class0_0855,1.3806945734,-0.1290397335,0,development_pool
class0_0512,-1.1362906895,2.1825002793,0,development_pool
class0_1722,-0.8642930596,1.5967971947,0,development_pool
class1_1628,-0.3395922851,-1.0760667799,1,test
class1_2744,2.6135707850,0.9074029082,1,development_pool
class0_2112,-0.4075970465,1.4181469619,0,development_pool
class0_1434,1.9823724300,0.6087322519,0,test
class0_1351,-0.7120285867,0.9781110204,0,development_pool
class1_1925,-0.2454260892,0.8167882266,1,development_pool
class0_1163,-0.0126962094,1.0233139086,0,development_pool
class1_1542,-0.5997853388,-0.1314287155,1,development_pool
class1_1570,-0.5371957654,0.6964888884,1,development_pool
class1_1665,-1.1837055634,-0.2437136823,1,development_pool
class1_0441,-0.6431005228,-0.7116884550,1,development_pool
class0_1355,-0.3776339643,2.0443955965,0,development_pool
class0_0798,3.5238085767,1.9595404953,0,test
class0_0956,-2.8719657050,0.5847496177,0,test
class1_1560,-1.4879754554,0.6457827972,1,development_pool
class1_2317,0.9987947061,-1.3692887473,1,development_pool
class0_2074,0.2050049660,0.0581038986,0,test
class0_1533,1.6876476574,2.1858577181,0,development_pool
class1_2204,-0.0336266051,-1.1955567471,1,development_pool
class1_1606,1.5926893776,0.1608189253,1,development_pool
class0_2433,1.8769158722,-0.7329599160,0,test
class1_2715,-0.8589470707,0.0142923996,1,development_pool
class1_2927,-2.0077589965,-1.3301841632,1,development_pool
class1_1717,0.2607038969,-0.7259408944,1,test
class1_1256,-0.9557500734,-0.0500560899,1,development_pool
class1_2530,-0.5889683245,0.6741264434,1,test
class0_1711,1.1360021712,1.0163718424,0,development_pool
class1_2282,-0.4178823861,-0.6533890620,1,development_pool
class0_1516,3.3705116280,2.3507575725,0,development_pool
class1_1148,-2.1329974584,-0.5412333043,1,test
class1_1175,-2.0485832911,-0.0592568514,1,development_pool
class0_1155,-0.6946515177,0.6804983549,0,test
class1_1091,2.3449908618,2.8053491912,1,development_pool
class1_1348,-1.1687753196,0.2343563537,1,test
class1_2753,-2.3638366712,-2.1707089726,1,development_pool
class1_1774,-1.7146904363,-0.5589550980,1,development_pool
class1_0553,-0.8004734983,-1.4009870529,1,development_pool
class0_1306,0.7631594995,-0.9993355625,0,development_pool
class0_0955,1.5219334676,1.7433799578,0,test
class1_2618,-0.5511241831,-0.2700059123,1,test
class1_1486,-1.2750430744,1.0169602155,1,development_pool
class0_1853,0.3948957257,0.8714472220,0,development_pool
class0_1666,0.8304372689,-1.5641970198,0,development_pool
class0_2114,-1.5980188387,-0.9478137061,0,development_pool
class0_0671,0.3453067090,0.3500255831,0,development_pool
class0_1827,0.7175991097,-0.5614980755,0,test
class0_1181,2.5243214553,0.4287736593,0,development_pool
class1_2074,0.7256138727,0.4930058516,1,test
class0_1680,0.8242323593,-0.6935452357,0,development_pool
class1_2441,0.8716418426,-0.2573950748,1,development_pool
class1_1232,-0.0791112153,-1.7906207802,1,development_pool
class1_1170,-0.5084911400,-0.7738002666,1,development_pool
class1_1456,0.9699269569,-0.3009204304,1,development_pool
class1_0829,-0.2875696329,-3.5963365308,1,development_pool
class0_1829,2.1093685530,-1.1229887363,0,development_pool
class1_2203,-0.9095489116,0.7094451069,1,development_pool
class0_0592,0.8453129102,-1.5876961630,0,development_pool
class0_1228,-1.2990673214,1.0049645151,0,development_pool
class0_0142,-0.0458199014,-1.9634354264,0,development_pool
class0_2606,1.2337420685,-0.4370826859,0,development_pool
class0_1406,1.1030748612,0.1184728870,0,development_pool
class1_2662,-1.8775882292,0.6068560022,1,development_pool
class0_2939,1.7398309961,2.3297298477,0,development_pool
class1_0157,0.2051453421,1.1468075458,1,development_pool
class0_2318,3.4017477592,-1.1129982068,0,development_pool
class1_0865,-0.9824901323,-0.7245600888,1,development_pool
class0_2297,1.6643132377,-1.6998707166,0,development_pool
class0_2247,1.4143496049,0.7038296850,0,test
class1_0390,-1.1546630658,-1.4089622425,1,development_pool
class0_0282,-0.0738847146,-0.5789581988,0,test
class0_0648,0.4989694502,0.3457702583,0,development_pool
class0_1560,-1.7771637714,0.7873819007,0,development_pool
class0_0322,1.9105995042,-0.4180595455,0,development_pool
class1_1262,0.7565512795,-0.8174220744,1,development_pool
class0_0149,-0.5914685621,-0.1154021914,0,development_pool
class0_2347,-0.8106217220,0.0056450314,0,test
class0_0300,0.6292378901,1.2137493005,0,development_pool
class1_0256,-2.6550566539,-1.2882242970,1,development_pool
class0_1605,-0.7037107318,-0.0046754730,0,development_pool
class0_1886,-0.0649977921,-0.8358312204,0,development_pool
class1_0801,0.0166061826,-0.7720785493,1,development_pool
class1_0478,1.8057389071,-0.9119875007,1,test
class1_1373,-1.9085651240,-2.9834023065,1,development_pool
class0_2585,2.1005995339,0.3530125386,0,development_pool
class0_1942,2.9388134173,1.5595389381,0,development_pool
class1_0538,-2.1660854825,-0.2225934658,1,development_pool
class1_0391,-1.6470599987,-1.6334450019,1,development_pool
class0_0822,0.2251487711,0.9259601443,0,development_pool
class0_2735,0.7132768930,0.9065420147,0,development_pool
class1_0781,1.8282342607,0.0798291081,1,development_pool
class1_2625,-1.4742394697,-1.8735046437,1,development_pool
class0_1583,2.9520853420,0.2381638245,0,development_pool
class1_0607,1.0399363110,0.4094543337,1,development_pool
class1_2309,-0.6510885140,-1.0578689763,1,development_pool
class0_0532,0.7577616652,-1.9373913318,0,development_pool
class1_2504,0.5134749547,-0.6281277113,1,development_pool
class0_1118,1.0829711277,2.2150660330,0,development_pool
class0_2776,1.1078773766,1.7378135233,0,test
class0_0006,1.3003893411,0.5788839093,0,development_pool
class0_2859,0.2753793308,-0.1301348687,0,development_pool
class0_1014,-2.1677986042,-0.2484311675,0,test
class1_2115,0.6400939432,-0.6291082056,1,development_pool
class0_2251,2.4572258339,0.3619283820,0,development_pool
class0_2170,2.7033347422,2.2116974736,0,development_pool
class0_2092,1.7559948506,0.8498598102,0,development_pool
class1_2644,1.0547704830,-1.0611114704,1,test
class1_0187,-2.5486446318,-0.5743086028,1,development_pool
class0_0281,-1.3825031129,1.8326939790,0,development_pool
class1_0626,-0.2481207288,-1.3899217053,1,development_pool
class1_1194,-2.3333414089,-1.7596127338,1,development_pool
class1_0810,0.4404194175,1.0507632129,1,development_pool
class1_1433,-1.9324101693,0.0380081337,1,development_pool
class1_0804,0.8453901098,-0.1422011776,1,development_pool
class0_0915,0.5789280593,0.6081297696,0,development_pool
class1_2381,-1.7219552019,-1.0504535666,1,development_pool
class0_2659,2.1033790549,1.7617226994,0,development_pool
class1_2691,-0.9331947187,-0.9753546713,1,development_pool
class1_0608,-0.9499944888,-0.0765780685,1,test
class0_0170,0.5449179871,-0.3284003349,0,development_pool
class1_0548,0.1887423891,-2.4697248878,1,development_pool
class0_2964,-0.2669755754,-0.0087934933,0,development_pool
class1_2257,0.6840324439,-1.5035456788,1,development_pool
class0_0314,1.5362556940,1.3413874353,0,development_pool
class0_2184,0.9735549234,1.0237596526,0,test
class1_1600,2.2147467138,1.5048706494,1,development_pool
class0_2798,0.7827406491,-1.9171500834,0,development_pool
class0_0995,0.7739971109,1.4431286399,0,development_pool
class0_0797,-0.6143419119,0.7860279223,0,development_pool
class0_2921,1.0868943335,-0.7668052387,0,development_pool
class0_2905,-1.8856473458,-2.2429868632,0,test
class0_2034,0.0901429729,0.5506318211,0,development_pool
class0_0302,-1.3750531824,0.7250919578,0,test
class1_2482,-0.0162166174,0.4356194591,1,development_pool
class0_2527,0.3860323227,-0.0342870340,0,development_pool
class1_1857,0.9752101213,0.4623894278,1,development_pool
class0_1747,0.4439186610,-0.3853904241,0,development_pool
class1_1390,-1.4650186533,-1.7306984950,1,test
class1_2993,-1.6679397764,-0.5515302797,1,development_pool
class1_0016,1.3791483683,0.7210024748,1,development_pool
class1_2923,-0.4834419686,-0.6520695334,1,test
class0_1361,-0.9621268066,-1.7456262318,0,development_pool
class0_1391,0.1736662384,-0.8329457226,0,development_pool
class1_1010,-3.2695886378,-1.7547137046,1,development_pool
class0_2766,-0.1454501351,-1.3060619834,0,development_pool
class1_1557,-1.2570669170,-1.7582541175,1,development_pool
class0_2611,-1.2036048781,-1.1827676628,0,development_pool
class1_0579,-1.0074700143,-2.2081645080,1,development_pool
class1_1105,0.2566061984,0.7882251446,1,test
class0_0966,1.2817116004,2.0511947283,0,development_pool
class1_0453,-0.3743858038,0.0711062825,1,test
class0_0069,1.4925270943,0.9935915388,0,test
class0_0939,1.1953819840,0.8712568510,0,test
class0_1579,1.5891785464,1.7586734221,0,development_pool
class1_2158,-0.5888739470,0.8292622369,1,development_pool
class0_2309,1.6107058189,-2.7851402580,0,development_pool
class0_1096,1.6581164731,2.3741112886,0,development_pool
class1_0055,-0.4438622178,-1.5697259356,1,test
class1_2387,-2.3782584406,-0.2888719216,1,development_pool
class0_2362,0.7102799040,0.2400000735,0,test
class0_0654,0.4803285511,0.4662014623,0,development_pool
class0_0062,0.2550616306,-1.9166766974,0,test
class0_1130,2.8164696185,3.1246787622,0,test
class1_0186,-0.1088338222,-0.3998643548,1,development_pool
class0_1670,-1.3684382985,1.4144719219,0,development_pool
class1_2685,-0.2476446155,1.6946329635,1,development_pool
class0_0811,1.5066275848,-0.7215430781,0,development_pool
class1_2643,0.6768214385,-0.4532175784,1,development_pool
class1_0624,-0.4000231768,-0.3767422861,1,development_pool
class1_1208,-0.1800750592,0.2771553799,1,test
class0_2468,0.5152622867,1.3570797374,0,development_pool
class1_1322,-1.7278788851,-1.4414970896,1,development_pool
class0_2867,-0.3228336393,-0.6178716019,0,development_pool
class1_0338,-1.9898334349,-0.7862082703,1,development_pool
class0_1313,0.7782607065,-0.5557309478,0,development_pool
class0_0527,-0.1705952172,0.2332388443,0,development_pool
class1_1253,1.0387240680,0.5652403242,1,development_pool
class0_0806,1.9876788708,-0.4340059168,0,development_pool
class0_3000,0.9625587875,-0.8504322870,0,development_pool
class0_2005,0.4726443892,1.4537900892,0,development_pool
class1_1379,-0.2559984971,0.1995914383,1,test
class1_0042,-1.7623858324,-1.5548584016,1,development_pool
class0_2073,3.9787201327,-0.0967894707,0,development_pool
class0_1360,0.9662585678,1.1576578354,0,development_pool
class0_2265,0.9771702056,0.1235928659,0,development_pool
class1_0290,0.6481946700,-2.1296273411,1,development_pool
class0_1332,0.6680067696,-0.8011676411,0,development_pool
class1_2289,0.0481750812,-0.6944368535,1,development_pool
class0_2770,0.9314130626,2.4069608025,0,development_pool
class0_2653,-0.0941043802,1.5822968066,0,development_pool
class0_0227,1.0447090845,1.8255745887,0,test
class0_2793,-0.0468164005,-1.1683777382,0,development_pool
class1_0874,-2.0734448941,-1.6189858736,1,test
class1_1966,0.8246715792,-0.4860074457,1,development_pool
class1_0129,-0.7764510917,-2.8604409525,1,development_pool
class1_1625,-0.4636546688,-3.0594527394,1,development_pool
class0_2035,0.8117911093,2.4446188449,0,development_pool
class1_2542,-0.6791724884,-1.3453123142,1,development_pool
class1_0490,-0.4684832456,-3.4918934776,1,development_pool
class0_1482,1.8202383476,0.1834262857,0,development_pool
class0_1546,1.6362159137,2.8131571410,0,development_pool
class0_1951,1.1283248370,0.9268362966,0,development_pool
class0_0308,-1.9203383514,-1.7201497571,0,development_pool
class1_0569,0.5924584796,-0.3543730930,1,test
class0_1918,1.7282876038,1.1123937619,0,development_pool
class0_2327,-0.0261147859,0.9396633999,0,test
class1_2218,-0.8770964884,-0.5991492498,1,development_pool
class0_1772,0.5002436618,-1.1688201797,0,test
class1_2660,0.1839969107,-1.0514623093,1,development_pool
class1_2989,0.3997627729,-1.7858427291,1,development_pool
class1_0120,-0.0620391123,0.4963547315,1,development_pool
class0_0733,0.5948220293,1.5066437726,0,development_pool
class0_2403,1.9854376037,-0.4869107014,0,development_pool
class0_0306,-0.0777300681,-0.1638414699,0,test
class0_2961,-0.8129626830,-0.5630785060,0,development_pool
class1_2271,0.6796732504,0.9649097958,1,development_pool
class1_2263,-0.6500163471,-0.7834981048,1,development_pool
class0_2543,-2.2079052963,1.3934631033,0,test
class0_0753,1.0125202464,0.3103823716,0,development_pool
class0_0124,1.4566393317,0.4445060367,0,development_pool
class0_1800,0.3573072411,0.0049025346,0,development_pool
class1_0620,1.1574420680,-0.3869977665,1,development_pool
class0_2832,1.6382926798,-0.6522623856,0,development_pool
class1_1527,-0.1731140457,-0.6923524879,1,development_pool
class0_2942,1.0244706097,-1.3000576649,0,development_pool
class0_0393,-0.8682329986,0.8061053018,0,development_pool
class1_1372,-1.3097868308,0.0610054041,1,test
class0_2743,2.1847606504,3.3391434055,0,development_pool
class1_1908,-0.5327298112,-0.2143916065,1,development_pool
class1_2995,-4.2417449218,-1.5890539066,1,development_pool
class0_1007,1.9577183126,0.5016266895,0,development_pool
class1_2108,2.0626751114,0.5676329267,1,development_pool
class0_2658,1.3246247305,0.9213556979,0,development_pool
class0_1082,-0.8558102992,0.9105009962,0,test
class1_0927,-1.2610460962,-0.4224347536,1,test
class0_1285,-0.1326619245,-0.4961345486,0,development_pool
class1_2423,0.0221402014,-0.2987933073,1,development_pool
class0_2786,0.9155731865,0.0897130869,0,development_pool
class0_2502,2.4591834502,1.9478099241,0,development_pool
class0_1779,-0.2030083492,-0.0123364191,0,development_pool
class1_2360,-2.0734670172,-1.7614679085,1,development_pool
class0_2613,-1.4536133020,-3.1164059395,0,development_pool
class1_2273,-0.5937402143,0.1009386047,1,development_pool
class0_1768,-2.7233414914,-0.2532419595,0,development_pool
class1_1520,-1.2285078778,-1.2400970783,1,development_pool
class0_1720,1.4954594819,1.9489323569,0,test
class0_2812,1.0225194716,1.7609440888,0,test
class0_2848,-1.5290825212,-0.7173663863,0,development_pool
class1_1427,2.6302178242,-0.4708647086,1,development_pool
class1_0928,1.1116344796,-0.2130737331,1,development_pool
class1_0340,0.5453079141,-0.3064220995,1,development_pool
class1_1832,-0.3485760352,0.0031355629,1,test
class1_2526,-0.5747854963,-3.1656634469,1,development_pool
class0_1568,0.1176470882,0.8039430376,0,development_pool
class0_2446,2.2243434688,0.3354360955,0,development_pool
class1_0334,0.8556835196,0.5226769163,1,development_pool
class0_2491,0.9493617028,2.3236197832,0,development_pool
class0_2552,0.2039083473,0.3249278223,0,development_pool
class1_0201,-0.1826434863,-1.4437033926,1,test
class0_2576,-0.9989072026,-2.3191679424,0,test
class0_1454,1.7701846267,0.0194887346,0,development_pool
class1_2121,-1.5986199477,-2.5997742514,1,development_pool
class1_1349,-1.6407639510,-3.8097449808,1,development_pool
class0_1431,0.6291448866,1.3787633713,0,development_pool
class1_0417,0.5083855273,0.6773761383,1,development_pool
class1_1626,-1.0340220341,1.5642858233,1,development_pool
class1_0774,0.2484611989,-1.2709690502,1,development_pool
class0_1260,1.3775036596,0.0585104833,0,development_pool
class1_1895,1.4501097996,0.5192193896,1,development_pool
class0_0457,-0.9584761919,1.4853039208,0,development_pool
class1_0862,-0.6664598701,-0.6470610813,1,development_pool
class1_2141,-0.7797905496,-0.8759779473,1,development_pool
class1_2127,-0.4057113464,-1.5961665302,1,development_pool
class0_0447,-1.4176689322,0.3937960073,0,development_pool
class1_1051,2.2990591625,1.2471873328,1,development_pool
class0_2426,1.0156656716,4.9645745321,0,development_pool
class0_1713,1.3607475430,3.0089978334,0,development_pool
class0_0094,0.1074604027,-0.0053656636,0,test
class0_1432,1.0179473448,2.0735049595,0,development_pool
class0_0506,-0.9028497427,-0.5967297514,0,development_pool
class0_0688,-0.7335332952,-1.0578161414,0,development_pool
class0_2222,-0.5504690577,0.5033390499,0,development_pool
class1_1761,-3.0123834688,0.0588465463,1,development_pool
class0_2472,0.9854576529,-0.1426214053,0,development_pool
class1_2407,-0.5714487038,-0.2384868309,1,test
class1_1949,0.1300246095,-0.2886764437,1,test
class1_0802,-0.3027390484,-1.6181666273,1,development_pool
class1_0125,0.3275981972,1.8870263451,1,development_pool
class0_1364,-1.4986608643,0.5795446878,0,development_pool
class0_2830,-0.2875778381,-1.3278800759,0,test
class0_2950,-0.3813240971,1.3100934611,0,development_pool
class0_0819,1.0779904133,1.7342272639,0,test
class1_2308,-0.9005087787,-0.4443968598,1,development_pool
class1_1634,1.2261032965,-1.7576087099,1,development_pool
class1_1863,0.4441371053,-0.0199228471,1,development_pool
class1_0710,-0.2890966355,-0.6731108647,1,development_pool
class1_0389,-1.5783946339,-1.0763995355,1,test
class1_0872,-0.3654845820,0.5631804280,1,test
class0_0802,1.7318668943,0.4937639614,0,development_pool
class1_1690,-0.2424689934,0.0009802079,1,development_pool
class1_2098,-0.6207042736,0.2555704501,1,development_pool
class1_2457,0.4365158969,1.2887712753,1,test
class0_0859,0.0374953877,0.3326162226,0,development_pool
class1_2793,-1.8659885867,-0.1878066590,1,development_pool
class0_0891,1.8985231893,1.7697765898,0,development_pool
class0_0976,1.2045660982,3.1595264808,0,development_pool
class1_0941,0.9372721505,0.5673982098,1,development_pool
class0_2221,1.6144484986,1.9601557244,0,test
class1_2475,-1.5130711068,1.9464571961,1,test
class1_0221,1.4015379320,1.2028330025,1,development_pool
class0_0432,-2.3591732021,0.4229885258,0,development_pool
class0_2945,2.9214774039,2.3780541445,0,development_pool
class1_0135,-1.8001789659,-1.0349124961,1,development_pool
class1_1943,-0.1687282983,-1.8643116711,1,test
class1_1820,0.2661904365,-0.1067380516,1,test
class0_1112,-0.0656268529,-0.3463781349,0,development_pool
class0_1449,1.1412188566,3.8131074173,0,test
class1_1953,-0.4460386017,-2.3953337835,1,test
class1_2144,-0.4183418810,-0.4040474849,1,development_pool
class0_0846,0.3112721801,-0.4244454012,0,development_pool
class0_2161,0.6019407163,0.4357668556,0,development_pool
class0_1769,0.4851784860,-0.7733898211,0,development_pool
class1_1968,-0.6526953360,-0.4609754682,1,development_pool
class0_0303,-1.3459785728,1.5615409977,0,development_pool
class1_1676,-1.1798745988,-0.4363551489,1,development_pool
class0_1638,0.3193324566,2.4191754147,0,development_pool
class0_1524,-0.3391324060,-0.8600560072,0,development_pool
class1_1663,0.5910013351,1.1516765125,1,test
class0_0810,0.0148961094,1.7940605517,0,development_pool
class1_0274,1.6319211336,0.3648485402,1,development_pool
class1_2425,0.2563119956,-0.7210175526,1,development_pool
class1_1397,-0.3463225671,-0.7736519955,1,development_pool
class0_2039,2.3994521097,-0.7104866863,0,development_pool
class1_0681,-0.2933691460,0.7347473539,1,development_pool
class1_1743,-0.0877308218,1.9187953471,1,development_pool
class0_2119,-0.5924242506,-1.1304626431,0,development_pool
class0_1657,-0.6929686713,-2.2650273183,0,development_pool
class0_1074,2.6605019020,1.3769998303,0,development_pool
class0_2599,-0.2156552187,-0.7375709048,0,development_pool
class0_1684,0.8612086250,1.1365779056,0,test
class1_0737,-0.3141508567,1.6602034545,1,development_pool
class0_1808,-0.7263484793,0.4117471123,0,development_pool
class1_2768,-2.5021393894,-0.3408568094,1,development_pool
class0_0909,3.0984450975,1.9843375660,0,development_pool
class1_2848,0.7624785361,-0.8077928827,1,development_pool
class1_2585,-0.3100428790,-0.4850724823,1,test
class0_0935,1.8531970102,1.2167662520,0,development_pool
class1_2168,-0.6378629579,-0.7416744682,1,development_pool
class1_2338,1.2966310428,0.5060913777,1,development_pool
class1_0967,-1.3878961146,0.7192672929,1,development_pool
class1_1243,-2.9684136253,-1.7954003379,1,development_pool
class0_0577,2.1310332852,0.0813113910,0,development_pool
class0_0166,1.2066285565,-0.1833919388,0,development_pool
class0_0058,0.4489120675,0.9160672015,0,test
class1_0437,1.1332474618,0.4280563507,1,test
class1_2023,0.1926830531,0.3788938596,1,development_pool
class0_0706,-1.1908895116,-0.3291816863,0,test
class0_2700,2.0543520833,2.5369116468,0,development_pool
class0_1558,-0.0638082437,0.3257729961,0,development_pool
class0_2537,1.1265401348,-1.2830344925,0,development_pool
class1_0169,-0.8109097904,-1.5000015810,1,development_pool
class0_2458,1.5429012358,1.8703953899,0,development_pool
class0_2869,-1.1433679118,1.0441347222,0,development_pool
class0_0248,-1.3624002978,-0.5275244481,0,test
class1_1692,1.4731676008,-0.0842598955,1,development_pool
class0_1742,0.8924861331,0.7930524580,0,development_pool
class0_0359,0.2752108937,0.5080573813,0,test
class0_2425,0.6616988179,1.4043216137,0,test
class0_1110,-1.3006257069,-1.6833162769,0,development_pool
class0_1978,1.5244283229,0.5772743704,0,development_pool
class1_0599,-0.8462194241,-1.0078908388,1,development_pool
class0_0624,1.0640842831,-0.1287531173,0,development_pool
class0_0585,-0.7252863597,0.5968193389,0,development_pool
class1_1274,-1.4902344967,0.3360219139,1,development_pool
class0_1116,0.5370809253,1.7619128368,0,development_pool
class1_2184,0.0466458266,0.8804396605,1,development_pool
class0_2149,1.4031390936,1.5987522295,0,development_pool
class1_2445,-2.2492639011,-1.2473325046,1,development_pool
class1_1738,1.4931971319,1.5421856833,1,development_pool
class0_0429,0.9244849104,1.6547987500,0,development_pool
class1_0481,-1.7391566084,-1.3795971414,1,development_pool
class0_1730,1.3897062368,-0.4254128731,0,development_pool
class0_1295,1.3081891478,1.2097772999,0,development_pool
class0_1595,-1.7643481367,1.0700872917,0,development_pool
class0_1972,2.9178613367,-0.7851822663,0,development_pool
class0_0490,1.4136074945,2.5916368143,0,development_pool
class0_1798,-1.5826428226,0.1934157368,0,development_pool
class0_0271,0.5822600178,-1.1678743159,0,test
class1_0869,-3.4739367222,-2.6685560041,1,development_pool
class0_2409,-0.0753197769,-1.4299896583,0,test
class1_0500,-0.8040365072,-0.1862743397,1,test
class1_0400,-1.1856503585,0.7209463836,1,development_pool
class0_2315,-0.8692756835,-0.2103707459,0,development_pool
class0_0153,0.4289475928,0.6107103934,0,test
class0_2174,1.7704886454,-0.6806090567,0,development_pool
class1_0486,0.5512513395,0.4714024933,1,development_pool
class1_0936,-3.4221769220,-0.4747464244,1,development_pool
class0_1024,0.5070075587,0.4925995632,0,development_pool
class1_1982,-0.9715158762,-1.3348133875,1,development_pool
class0_2777,0.1690531912,1.1584875617,0,development_pool
class0_1985,-2.4115867389,-0.4121289377,0,test
class0_1341,0.0896720298,-0.3782548459,0,development_pool
class0_2824,-0.1383185215,2.2910992519,0,development_pool
class1_1290,1.3061728878,1.9738902316,1,development_pool
class1_1550,-0.2145281966,-0.9889250734,1,development_pool
class0_1139,0.7453419466,-1.0343621200,0,development_pool
class1_2866,-1.4172595261,2.3717103978,1,development_pool
class0_2696,1.0382717524,1.2887740328,0,development_pool
class1_0215,-1.4219725515,-2.1447859946,1,development_pool
class0_0539,2.3083198270,1.6450866716,0,development_pool
class0_0216,3.2021200409,0.0429551355,0,development_pool
class1_1332,-2.5444784169,0.0333580431,1,development_pool
class0_2380,0.5720909851,1.6904590557,0,development_pool
class1_2574,-0.1070965171,0.4234261037,1,development_pool
class0_2475,0.5293168811,1.2024454860,0,development_pool
class1_1032,0.1546543859,1.6971765174,1,development_pool
class0_1141,2.6620833422,1.6124046964,0,test
class1_0588,-2.0826783375,-1.5254631643,1,development_pool
class1_1019,2.0605304689,-0.1138532102,1,development_pool
class1_0449,1.0551817042,-0.6886754734,1,development_pool
class1_2869,-1.6902074677,1.3352812257,1,development_pool
class1_0831,-1.9118780586,-1.6918236983,1,development_pool
class1_1235,1.0851972312,0.2084511980,1,test
class1_1447,1.2211912337,-0.4455763187,1,development_pool
class0_2486,-0.8875196184,-1.0130754871,0,test
class1_0598,-1.4398224660,-0.9783546552,1,development_pool
class0_2427,-0.1190950635,0.1115438894,0,development_pool
class1_1009,0.7686961283,-0.3780667462,1,development_pool
class0_1296,-0.3197125519,-1.0281612296,0,test
class0_1094,2.0574323737,1.6443363616,0,development_pool
class0_2995,0.3925594723,-0.2178020698,0,development_pool
class0_1879,-1.1799153247,1.9836552734,0,development_pool
class1_2225,-0.0022806696,-0.3519686669,1,development_pool
class1_0852,-0.6470631412,0.8936998524,1,test
class0_1492,-0.4185474114,0.0287413637,0,development_pool
class1_0210,-0.7887807445,-1.1436715516,1,test
class1_0819,0.8214011357,0.2611692776,1,development_pool
class0_2671,1.1683725278,1.8311397389,0,development_pool
class1_0983,0.3870214763,-0.3260826939,1,test
class0_0255,1.0976195345,-0.1896828505,0,development_pool
class1_2286,1.6574299114,0.8491124817,1,development_pool
class0_2402,2.3721841465,1.2754932330,0,development_pool
class1_0413,-0.7480267139,-1.6736369806,1,test
class1_1890,-1.5794765324,-1.0086025256,1,development_pool
class1_0454,0.8816135912,0.3270171949,1,test
class0_2205,-0.6918285959,0.6655268413,0,development_pool
class0_2508,0.8237326018,0.0309119070,0,test
class1_2601,-0.2357120509,-2.4848847667,1,development_pool
class0_1556,1.8214833750,1.3828464823,0,development_pool
class0_2850,0.1249154436,1.0742467784,0,development_pool
class1_1602,0.1844600656,-0.2535888011,1,development_pool
class1_1014,0.5369387188,0.6297435436,1,test
class0_0962,1.3323735676,1.7030132157,0,development_pool
class1_2495,-1.7162600695,-0.4692483966,1,development_pool
class1_2392,-0.4225437248,0.8288010146,1,test
class1_0333,0.8988180177,-0.5327339278,1,development_pool
class1_0861,-1.4507883089,0.7772138371,1,development_pool
class1_1320,-0.5059532559,-1.4603666787,1,development_pool
class0_0222,2.5303798758,2.3923157042,0,development_pool
class0_2733,2.3828245655,2.3499122950,0,development_pool
class0_2381,1.1867451205,2.2229077953,0,development_pool
class1_0568,-0.5294292045,0.2701777033,1,test
class1_1267,-2.0268462008,0.1159895282,1,development_pool
class1_2062,0.0819424421,-2.4086047668,1,development_pool
class0_1694,1.2138023112,1.3348610238,0,development_pool
class0_0906,0.8445665735,1.0719773298,0,test
class1_0270,0.7827118005,-0.8025052767,1,development_pool
class0_1349,0.4901865896,-1.5426946435,0,development_pool
class0_2130,1.2746632801,-0.1006633333,0,development_pool
class1_0352,2.6900548957,0.5216776326,1,test
class1_2335,-0.0970081989,-1.0278094734,1,development_pool
class1_2058,-0.3288268954,-0.1376267960,1,test
class0_1608,-1.5780478025,1.1823031975,0,development_pool
class1_2669,-0.1567020738,-1.2788813868,1,development_pool
class0_1775,1.5822879911,1.5267872432,0,development_pool
class1_0069,-1.0915374273,-1.9764118350,1,development_pool
class1_0149,1.2598643867,-0.4969521310,1,development_pool
class0_1563,0.0593109283,1.2051766638,0,development_pool
class0_1035,-1.5671807596,-0.1322940285,0,development_pool
class0_0452,-0.5175542880,1.4630148211,0,development_pool
class1_2052,2.0164237268,0.9729805910,1,development_pool
class0_1723,0.7241046782,-1.0435381043,0,development_pool
class1_1874,0.5081322948,-1.2842789069,1,development_pool
class0_0438,-0.8586315380,1.9214855497,0,development_pool
class1_0475,-0.6952689274,0.3930910026,1,test
class0_2160,0.6141269549,0.0927419247,0,development_pool
class0_0636,-1.0071440440,-0.0634713248,0,development_pool
class1_0773,-1.8683236551,-1.1394129339,1,development_pool
class0_1138,2.3725285913,0.6903755349,0,development_pool
class1_0452,-0.5396488573,-1.2618651494,1,development_pool
class0_2390,3.9997290409,-0.9215993448,0,development_pool
class0_0978,0.0004587519,2.1297290900,0,development_pool
class0_1150,1.0472098563,-1.2813521344,0,development_pool
class0_0867,0.7532651057,0.2835810058,0,development_pool
class0_2566,-0.5672666704,0.7400038767,0,development_pool
class1_0796,-0.1678558331,0.7739724879,1,test
class0_1762,0.1541632307,2.6780569105,0,development_pool
class0_2573,-0.4570157311,-0.2657216333,0,development_pool
class1_1500,-0.4707568296,0.7704286221,1,test
class1_1572,-0.4331331284,-1.0391099746,1,development_pool
class1_0884,-1.6300073436,-4.3009124162,1,development_pool
class0_2337,0.8616677747,-0.7728980075,0,test
class1_0118,-1.0404699194,0.4612705464,1,development_pool
class0_0699,2.5306052093,1.0253872132,0,development_pool
class0_0120,0.4675337441,1.7881177879,0,development_pool
class1_2614,-4.2388520624,-1.9121509131,1,development_pool
class0_0260,-0.1762568622,0.9877870640,0,test
class1_1257,-1.0971410881,-0.3541087381,1,development_pool
class1_1687,-0.1967787478,0.3160645152,1,development_pool
class1_2799,-0.9017899869,3.0074031686,1,development_pool
class0_0367,1.4315130182,-1.2061181597,0,development_pool
class1_0092,-0.3722763732,2.6531702263,1,development_pool
class1_1219,-0.8005568380,-0.4985337076,1,test
class0_2886,-1.1643072895,-1.4187498786,0,development_pool
class0_0630,1.2120315143,1.1256344307,0,development_pool
class1_2000,-1.4694656687,-0.4711833691,1,development_pool
class1_1273,-2.0497606748,0.9344285395,1,development_pool
class0_1315,1.2917221186,0.5488948077,0,development_pool
class1_1801,0.6019909442,2.5674740581,1,development_pool
class1_2048,-1.6308511879,0.8464998842,1,development_pool
class0_1644,0.9771359587,0.6492228803,0,development_pool
class0_2897,0.1097481901,0.3258572467,0,development_pool
class1_1306,-0.5151252993,0.3860766625,1,development_pool
class1_0482,-0.7082549490,-1.2383093601,1,development_pool
class1_0758,0.2538853917,0.9797446888,1,test
class0_1075,1.8707646465,-0.6748525137,0,development_pool
class1_1788,-0.2292884062,-1.5392122052,1,development_pool
class1_2645,-1.2646423400,1.7546783292,1,test
class0_1084,2.2433625988,0.2951313572,0,development_pool
class1_2418,-1.8787628312,-2.2430786940,1,development_pool
class1_2764,-1.0803378045,-0.4699702346,1,development_pool
class0_1538,-0.2128485499,2.6036808695,0,development_pool
class0_2702,-0.0775038584,0.0636177496,0,development_pool
class0_1952,-0.3533160906,-1.8135206743,0,development_pool
class1_2856,-2.4333227205,-2.3650580816,1,test
class0_2062,-0.5694497722,-0.2478320431,0,development_pool
class1_0074,-0.2724040176,-0.8483615856,1,development_pool
class1_0292,0.9516508155,-1.4394531039,1,development_pool
class0_0711,-0.8414331108,0.8200881116,0,development_pool
class1_1212,0.7405220583,-0.6053668344,1,test
class0_2141,-0.3146820567,-2.6568817789,0,test
class0_2356,0.6181602073,1.5361042123,0,test
class0_2654,1.2821071935,-0.0372821737,0,test
class0_0205,-0.0126050640,0.7843601508,0,development_pool
class0_0886,-0.8543458027,1.7716159775,0,development_pool
class1_2508,-1.4525688674,-1.3340275951,1,test
class1_0457,-0.7498393688,1.0524550660,1,development_pool
class0_2554,1.4414246829,1.5128103061,0,test
class1_1571,-0.3612276723,-0.6356953361,1,development_pool
class0_0127,-2.3129982919,-0.7135099880,0,development_pool
class1_2153,0.2602234669,-1.7131968315,1,development_pool
class0_1543,0.4361845813,0.9164329409,0,development_pool
class0_1811,1.5301536721,2.0746639923,0,test
class0_1200,0.2496550539,0.3570828389,0,test
class0_0993,-0.8016480689,-0.0067795541,0,test
class1_2383,-2.6991635326,-1.2539282629,1,development_pool
class1_1138,0.2733712978,0.8590380461,1,development_pool
class0_1179,0.7392588251,0.9613952836,0,development_pool
class0_0566,-0.1316846339,0.5219521879,0,development_pool
class0_2861,-0.4223670949,2.2455841105,0,development_pool
class1_1474,-0.4543190846,-0.1679862754,1,development_pool
class1_2389,1.2297070469,0.7533906688,1,development_pool
class0_0627,2.1016807317,2.6811666779,0,development_pool
class1_0315,-0.2801796175,0.4015582931,1,test
class1_1858,-0.8801185539,-0.9826223789,1,development_pool
class1_2879,-1.9289095491,0.7486068139,1,development_pool
class0_0713,3.0143262967,-0.0319402327,0,development_pool
class0_0173,0.7671210647,1.1266112819,0,development_pool
class1_1080,-0.3233790899,-1.5037733804,1,development_pool
class0_2360,-0.2723330582,-0.0991345471,0,development_pool
class0_1576,-0.0127892014,-0.5847625368,0,test
class1_2156,-0.1892726459,-0.9985940631,1,development_pool
class1_1053,2.1323703618,-0.9363283036,1,development_pool
class1_0153,0.5895011235,2.1053214381,1,test
class0_0185,1.0061071206,-0.1914344872,0,development_pool
class0_1789,1.7836734090,0.7948500610,0,development_pool
class0_0363,0.4804156922,0.1953899331,0,development_pool
class0_0730,-1.2450109289,-0.2021228639,0,test
class0_2022,1.8008587058,2.2650709077,0,development_pool
class1_2325,1.0274015521,-1.3389314056,1,development_pool
class0_0723,0.6253615962,-0.3837161647,0,development_pool
class0_2214,0.8216202145,-0.4864009594,0,development_pool
class0_2133,0.1744459728,0.9390661535,0,test
class0_2371,-0.3762933406,0.3918044952,0,development_pool
class1_0562,-0.0121292432,-0.0812333857,1,test
class1_2840,1.2894920672,-0.1945233605,1,test
class0_2925,1.8121167075,0.9362136843,0,development_pool
class0_2059,2.1942398320,-0.7337513349,0,development_pool
class1_2572,-0.2854149258,1.7999595314,1,development_pool
class0_0921,2.0796153929,-0.8357326124,0,development_pool
class0_1803,0.3706343574,-0.8546216961,0,development_pool
class1_1137,0.3058196701,-0.2961476286,1,development_pool
class1_1538,-3.6441369494,-1.2540309729,1,development_pool
class0_2618,-1.3940764334,1.8100055726,0,development_pool
class0_2264,1.2249640296,2.4083313978,0,development_pool
class1_1470,-0.8332662277,-1.0706964560,1,development_pool
class0_0065,0.7954529790,0.0154718496,0,test
class0_2528,2.5228834063,0.7854163730,0,development_pool
class0_2333,-0.0593603229,-0.3037408985,0,development_pool
class0_0736,-0.1628884987,-1.1075601119,0,development_pool
class0_1403,1.9664398304,-0.7853091569,0,development_pool
class1_2708,-0.0351576805,-1.0300999578,1,test
class0_0861,0.2142690911,-0.1878188928,0,development_pool
class1_2771,-0.7518267876,0.9688276818,1,development_pool
class0_2227,-0.8204021513,-0.3609471338,0,development_pool
class1_1923,0.0937019468,-0.2759441535,1,development_pool
class0_2201,-0.7926116427,0.8680149638,0,development_pool
class0_0598,1.6700562840,2.3524368138,0,development_pool
class0_1995,-0.7247267245,-1.9247550760,0,development_pool
class0_0257,1.4296818109,0.0236902314,0,development_pool
class0_2548,0.8771506042,0.3412546840,0,development_pool
class1_1967,-0.5636609375,-1.6827167248,1,development_pool
class1_0652,-0.3293218471,0.1958446463,1,development_pool
class1_0558,-1.1710939726,-1.8424982022,1,development_pool
class0_2412,1.3131969619,1.2913549378,0,test
class0_2531,-0.0214068285,1.6004619495,0,development_pool
class0_0892,1.3387662692,2.5162399050,0,development_pool
class0_2313,-0.8151396817,1.1391975407,0,development_pool
class1_1450,0.0204076353,0.9860853751,1,development_pool
class1_0683,-2.0767021497,-0.8927881459,1,development_pool
class0_1276,3.4607790465,0.5484127122,0,development_pool
class1_2036,0.7830756562,-0.9465225714,1,test
class0_1998,2.4370666475,2.4811529427,0,development_pool
class1_1203,0.0488453348,-3.6147728552,1,test
class0_0783,0.0188838903,-0.4169468872,0,development_pool
class0_1443,3.4936012856,2.7194226256,0,development_pool
class0_0428,-0.4055104768,-1.2897068330,0,development_pool
class0_0133,1.7061358835,-0.2269215098,0,development_pool
class1_1971,-1.3571301460,1.4337856625,1,development_pool
class0_2924,-1.5068281237,-3.0472763675,0,development_pool
class0_0885,-0.0440610779,0.8102963930,0,development_pool
class1_0347,-0.6356925571,0.0868996862,1,development_pool
class0_2090,-0.9547567720,-1.4859424203,0,development_pool
class0_2810,0.2488805874,0.0104516351,0,development_pool
class0_2992,-1.6935293528,-1.0848303596,0,development_pool
class0_0720,-0.5350136218,0.6034541490,0,development_pool
class0_1591,-0.8326625931,-0.0237628392,0,development_pool
class1_2925,1.8313946144,1.5007461019,1,development_pool
class0_2127,1.1467875978,-0.5443508470,0,development_pool
class0_1548,0.3284820617,2.3106206107,0,test
class1_0020,-1.9112234400,-0.6450581136,1,test
class0_0056,2.3408437643,2.2997686451,0,development_pool
class1_1938,-0.7862427812,-0.8186535130,1,development_pool
class1_2319,1.1747813396,-0.6699141227,1,development_pool
class0_0903,3.4376749200,0.9835420698,0,development_pool
class1_2246,0.3905540318,0.5221935795,1,development_pool
class1_0531,-2.4200863046,-1.4943848711,1,development_pool
class1_2604,-0.4702734233,-1.3836452763,1,development_pool
class0_1887,1.8303371568,0.6534101479,0,development_pool
class0_2335,1.2846846656,1.3397833906,0,development_pool
class0_0256,0.2823363988,0.2045078543,0,development_pool
class0_2978,-0.6683622350,0.6610610972,0,development_pool
class1_1135,-0.4018354712,0.8262271568,1,development_pool
class0_1067,-0.5967494733,0.3200850403,0,development_pool
class1_0947,1.4172959424,-0.1514860805,1,development_pool
class0_0895,-0.8411039780,1.2355129236,0,test
class0_1553,0.9122090272,1.4721143275,0,development_pool
class0_0945,0.9607181554,0.9383287936,0,development_pool
class1_0755,0.6457786991,-0.1272490338,1,development_pool
class0_1688,2.8895193351,1.3031010637,0,development_pool
class0_1466,0.0283069542,-0.6774118449,0,development_pool
class0_2157,-0.2663264894,0.3276885070,0,development_pool
class0_1312,-0.6720618778,1.5130120341,0,development_pool
class0_0761,-1.1092652156,-0.2074833310,0,development_pool
class0_1265,-0.5750261164,-2.3269909470,0,development_pool
class1_2097,-1.5081745490,-1.5358464804,1,development_pool
class1_2471,1.3712261451,-0.2519798217,1,development_pool
class1_2875,0.4980423439,-2.0668631238,1,development_pool
class0_2938,0.0533145491,-1.4649914402,0,development_pool
class0_0475,0.3547567654,0.7317366193,0,test
class1_2372,0.5877786947,-0.0198608063,1,test
class0_1508,0.2493261342,1.8579757331,0,development_pool
class0_0916,-0.3525196333,0.0087772437,0,test
class0_1000,1.2316980127,0.0776997976,0,development_pool
class1_0370,-2.4885445164,-4.0809971656,1,test
class1_2223,-1.1146018455,-0.8089252216,1,test
class0_2065,-0.0854204532,2.4803663380,0,development_pool
class0_1477,-1.1208893237,1.2354433912,0,development_pool
class1_0426,1.1476386081,-0.0217950751,1,development_pool
class1_1471,-3.2692451342,-0.4159166614,1,development_pool
class1_2639,-2.3011378031,-2.2835236162,1,development_pool
class0_1292,-0.3973777046,1.4981670572,0,development_pool
class1_0335,-1.4102326465,-0.3216764576,1,test
class1_2290,-0.6606297360,-1.0767765663,1,test
class0_2557,1.6255664264,-0.5498721553,0,development_pool
class1_2994,-1.2622141657,0.1154268081,1,test
class0_2535,0.2955047474,0.7435061674,0,development_pool
class0_0389,1.3815500048,0.9980957834,0,development_pool
class1_2718,2.0292641273,0.1573683700,1,development_pool
class1_2681,-1.3047415201,-2.2178723428,1,development_pool
class1_1405,-1.5565694911,-0.3678620364,1,development_pool
class1_0629,-0.9237963211,0.0814472360,1,test
class1_1024,0.6443438520,-0.4504815658,1,test
class0_2991,0.1898349354,2.7045733870,0,development_pool
class1_1833,-0.9255441087,1.0485499860,1,test
class0_2351,2.5613665766,0.3224642082,0,development_pool
class0_1727,1.0553486725,0.1868590560,0,development_pool
class0_0254,1.7312385942,0.3927498493,0,development_pool
class1_1596,1.7920493201,-1.0093497569,1,test
class0_2540,-0.9621858026,1.3276333361,0,development_pool
class1_1766,-2.2222877773,-0.3131725113,1,development_pool
class1_2958,0.3460353901,0.7481992367,1,development_pool
class1_0182,-0.5429296221,0.5154984830,1,test
class1_0213,-0.3724708263,0.4171363354,1,test
class0_1878,2.6818476336,-0.3683949827,0,development_pool
class1_2072,0.7225579568,-0.5557835582,1,test
class1_2408,0.1988056464,-0.3265076806,1,test
class0_0517,-0.3800521279,0.6225795106,0,development_pool
class1_0919,-1.1071110261,-1.2276714766,1,development_pool
class1_0234,0.6802337866,-0.0680016942,1,development_pool
class1_2911,1.1137769984,-1.0774996763,1,test
class1_1599,-3.0538677994,-0.8631374024,1,development_pool
class0_2217,0.7199291994,-0.1500323204,0,test
class1_0194,0.6248008626,-1.5785078362,1,development_pool
class0_2570,1.6673112431,0.6463319887,0,development_pool
class0_0850,-0.1266392439,0.1515676564,0,development_pool
class0_1213,1.5541960940,2.3508761363,0,development_pool
class1_2917,0.3312890201,-2.1531979993,1,development_pool
class1_0111,-1.6127538995,-1.6627570489,1,test
class0_2420,-0.2751933592,-1.2878687294,0,development_pool
class0_2283,0.1907924744,-0.6932398787,0,development_pool
class1_0251,-0.7269078823,-2.6016804720,1,test
class1_2180,-0.2521880120,-0.0624258864,1,development_pool
class0_0108,0.2111956365,1.3869856970,0,development_pool
class0_1205,0.6196825595,-1.1591992782,0,test
class1_1421,-0.3869941978,0.7278045503,1,development_pool
class0_0371,3.2375626935,1.2552505806,0,development_pool
class1_0144,-0.0544811469,1.0281194344,1,test
class0_2785,1.0141089936,-0.5323147876,0,development_pool
class1_0455,1.0053326178,-0.3743306510,1,development_pool
class0_1627,-0.9255011654,0.7137286952,0,development_pool
class0_0984,0.8043874451,0.5700358817,0,test
class1_0549,-3.0223083901,-3.1210621618,1,development_pool
class0_0666,-1.8962466190,-0.0081488772,0,development_pool
class0_1333,1.1195443184,-0.9984164641,0,development_pool
class0_1328,0.4621642595,1.7859890488,0,development_pool
class0_2595,0.0299103678,2.7118268291,0,development_pool
class1_1933,-0.5866076726,-0.6327217180,1,development_pool
class1_2063,-0.1362078635,-0.3332643019,1,development_pool
class0_0944,0.9395810648,1.5965336100,0,development_pool
class0_0605,0.4754118773,3.1858445130,0,development_pool
class0_2147,2.0693785529,1.7464209898,0,development_pool
class0_0674,2.1991412340,3.6465834165,0,development_pool
class0_2306,2.0002717185,-1.1289862487,0,development_pool
class0_2668,1.6178572092,0.8464180333,0,test
class1_0298,0.2170369816,2.2746229848,1,development_pool
class1_2440,1.4560604461,0.0839891953,1,development_pool
class0_1883,0.2721806474,0.2994669800,0,development_pool
class0_2352,-0.5797791492,0.3156213294,0,development_pool
class0_2515,-0.7332145493,-0.7107373043,0,development_pool
class1_2918,0.8548886007,0.8847739040,1,development_pool
class0_0568,-0.0151513874,1.4784060314,0,test
class0_0044,-0.6230762146,-0.1137771855,0,development_pool
class0_1203,-2.1258927141,-0.0492593822,0,test
class1_2862,0.8480265932,-1.1666222384,1,development_pool
class1_1662,0.6589900899,-1.8425696401,1,development_pool
class0_2778,1.6841950666,-0.5635727569,0,development_pool
class1_2056,-1.2832817399,1.6047237472,1,development_pool
class1_1929,0.6117757587,0.0156585190,1,development_pool
class1_0471,-0.8403407050,0.6542743885,1,test
class1_1866,-0.1840015246,1.6077670654,1,test
class0_2913,2.3633025798,-0.2307743538,0,development_pool
class0_2842,1.4182098363,1.4923005031,0,development_pool
class0_1755,0.4387552417,-0.3878947984,0,development_pool
class1_1240,-1.5567667520,-3.6446289138,1,development_pool
class1_1325,0.1373388311,-1.6058101482,1,development_pool
class1_1868,-1.6767332506,-1.8991688914,1,development_pool
class1_2215,-0.5812686324,-2.5180949714,1,development_pool
class1_1288,-0.6769173148,-0.0482173431,1,development_pool
class1_1509,1.6824863139,0.5442270221,1,development_pool
class0_2575,-0.4604892242,0.0438937607,0,development_pool
class1_2740,1.6626874122,-0.2364567160,1,development_pool
class1_1944,-0.1070334489,-0.6268123408,1,development_pool
class1_1723,-0.5132268004,-3.2079328016,1,development_pool
class1_2901,-0.5259935942,-0.4730981021,1,development_pool
class0_1254,-3.2618812832,-1.3336319682,0,development_pool
class0_2678,0.3187064429,1.7050959149,0,development_pool
class0_0453,0.2827379104,0.3546771014,0,development_pool
class1_1990,1.8239761683,-0.9025404080,1,development_pool
class1_1865,-0.3614982431,0.2390928430,1,development_pool
class1_1660,0.7907024651,-0.9106005651,1,development_pool
class1_0850,-1.5810297144,-0.2631008956,1,development_pool
class1_1498,-0.5603953484,-0.4029507464,1,development_pool
class0_0235,1.4493044696,0.5572506870,0,test
class0_0339,0.1962819067,2.9108876049,0,development_pool
class0_0847,0.7160061835,-1.3691765709,0,test
class0_0973,0.1966240648,-0.3759738057,0,test
class1_2201,-0.3790709824,-0.5008195972,1,development_pool
class0_2742,0.3929828686,0.4499665887,0,development_pool
class1_2598,-0.8297886767,0.4864753607,1,development_pool
class1_2922,-0.8207890245,-1.6362702462,1,development_pool
class0_2099,0.6717553896,-1.7537361114,0,development_pool
class0_2255,-0.0701494620,-0.1778684166,0,test
class0_2736,-1.2333671946,-0.6419871630,0,development_pool
class1_1204,-1.1253374442,-3.7681979097,1,development_pool
class1_1584,1.4634431356,-0.0841024441,1,development_pool
class0_1710,2.1385080740,1.3140760810,0,development_pool
class1_1436,-1.5670660081,-1.4402733103,1,test
class0_2275,0.2895036386,-0.0684676566,0,test
class0_1019,0.5219630553,-0.2665200032,0,development_pool
class1_0165,-1.9066843578,-1.7345234699,1,development_pool
class0_1232,1.0011876631,-0.9161907169,0,development_pool
class0_2369,1.2239537884,1.2766389046,0,test
class1_1416,0.3326430681,-0.6062979673,1,development_pool
class0_1114,-0.3816675661,-1.3118397544,0,development_pool
class0_0582,3.0927845796,0.5437438017,0,development_pool
class0_2763,1.7861729918,0.8386340814,0,development_pool
class0_1485,2.0179904133,2.4363614739,0,test
class1_0245,-1.9048639448,0.1416139325,1,development_pool
class1_1522,0.5315450040,-2.2967522012,1,development_pool
class1_2206,-0.6405830631,-0.3649685683,1,development_pool
class1_0116,-0.4946365269,-1.0578818534,1,development_pool
class0_1528,-0.4822525425,-1.8095581629,0,test
class0_1057,1.2374717269,-0.3151104035,0,development_pool
class1_0233,0.0190450910,1.2725172365,1,test
class1_2765,-0.3295447231,-1.8014403925,1,development_pool
class0_0230,1.9531100747,0.0973656232,0,development_pool
class0_0854,-1.6097016558,1.3335827817,0,test
class0_2289,0.2063770515,3.0267515461,0,development_pool
class1_0906,-0.9095624950,-1.1853549901,1,development_pool
class0_2748,1.0793875588,-0.8968915201,0,development_pool
class1_2632,0.6046498448,-1.5136032006,1,development_pool
class0_2870,1.0192756922,1.1725432560,0,development_pool
class1_0523,-0.8270400373,-1.6870115553,1,development_pool
class1_2703,-1.3029378269,-0.4181894391,1,development_pool
class0_2243,1.7674769487,-0.7031083582,0,development_pool
class1_1457,-0.5068835704,-0.0699549519,1,test
class0_2489,-0.8974484519,-0.7180137730,0,development_pool
class1_0284,-1.7495860659,-2.0492428596,1,development_pool
class1_0811,0.6519895053,-0.1297857266,1,development_pool
class0_2116,0.9402467207,3.0402912825,0,development_pool
class0_2387,-0.1274709221,-0.0974456378,0,development_pool
class0_0703,0.1412771513,-1.0311447585,0,development_pool
class1_2453,0.8991273306,-1.7425689361,1,development_pool
class0_1799,0.6433061184,2.2035503742,0,test
class0_1083,-0.2131439713,-1.7857211312,0,development_pool
class0_0620,-1.3011353446,1.2215658564,0,development_pool
class1_1633,-0.1364352902,0.9069042793,1,test
class0_2801,0.7587825419,0.5983064787,0,development_pool
class0_2522,1.2912525756,0.0320316841,0,development_pool
class0_1409,-0.2429481205,0.3282908150,0,test
class0_0857,1.9047653019,3.2175853191,0,development_pool
class0_0151,1.7203680889,0.8525393531,0,development_pool
class0_0502,0.9445447372,-0.0576854092,0,development_pool
class0_1481,1.7536143866,0.8107912415,0,development_pool
class0_1052,0.4532768047,2.1967928756,0,test
class1_1569,-1.1304002881,0.4967477656,1,development_pool
class1_0484,0.1088019100,-0.0112517432,1,development_pool
class1_2938,1.0195400154,-1.3432671030,1,test
class1_0957,-0.7187827157,0.1211945707,1,development_pool
class0_1639,-0.7141735903,-0.5061223514,0,test
class0_2582,0.5748247335,0.5996509941,0,development_pool
class1_2105,0.0239535150,-1.0429673136,1,development_pool
class0_1111,1.3415350431,0.3383675914,0,development_pool
class1_1263,1.9726756170,0.3377744606,1,development_pool
class1_2982,1.4078156978,-0.1259069528,1,test
class1_0450,0.6813172955,-1.6029724449,1,development_pool
class0_1314,-1.3719472020,-0.2907601013,0,development_pool
class1_1696,-1.5594384119,0.7864752164,1,development_pool
class1_2825,-1.4609626290,0.0664620385,1,development_pool
class1_2322,-1.3531364938,-1.6756866925,1,development_pool
class1_0258,-0.0928726408,-1.1830561037,1,development_pool
class1_2161,-1.2031203738,-0.2750231448,1,development_pool
class1_0807,0.5695133950,-0.0371042054,1,development_pool
class1_1592,-0.5537713516,-0.0363947664,1,development_pool
class1_0240,-0.4967829297,-0.0402058264,1,development_pool
class1_1147,-2.9603165772,0.4330628495,1,test
class1_2801,0.8840163853,1.6373694384,1,development_pool
class1_0494,-0.7893503418,2.4501589756,1,development_pool
class0_1607,-2.2615632316,0.0982278941,0,development_pool
class1_2784,-0.4832520047,-0.8673218603,1,development_pool
class0_0546,0.5967591393,0.5390946985,0,development_pool
class0_2048,0.1279605752,-1.4707376114,0,test
class1_1671,0.3265362343,0.4467310028,1,development_pool
class0_0591,-0.7489029112,1.4075777580,0,development_pool
class1_0512,0.0029247883,0.0534886567,1,development_pool
class1_2954,0.3847741124,-2.4155317308,1,development_pool
class0_2755,0.8252566057,0.6056467473,0,development_pool
class0_1164,1.8355245279,1.2358322475,0,development_pool
class0_0839,-1.8331043065,0.5237083869,0,development_pool
class0_2418,2.2412129977,2.3852558271,0,test
class1_2646,-1.9151060392,-0.4807014566,1,development_pool
class0_0808,-1.8021522069,3.1445887662,0,development_pool
class1_0707,-0.5945421448,0.0251351993,1,development_pool
class0_2603,-2.4002661820,-1.1187175146,0,development_pool
class1_1225,-0.0112466963,0.5036623082,1,development_pool
class1_2029,1.0140005339,-1.5916943018,1,development_pool
class1_2566,0.6896402590,1.3011957766,1,development_pool
class1_1389,-1.0590336951,0.7104663891,1,development_pool
class0_2977,0.5526921468,1.8069104538,0,development_pool
class0_0168,-0.3111696468,-0.5389899626,0,development_pool
class1_0077,0.9078232061,-0.4411024573,1,test
class1_0193,-1.8990593978,0.0652565423,1,development_pool
class0_1367,0.6475055969,-0.7154969386,0,test
class0_1532,0.9986134445,0.1785756621,0,development_pool
class0_1279,2.9978752017,3.0031045140,0,development_pool
class1_1316,0.9831570485,0.5361638009,1,development_pool
class1_2935,-1.1699447261,-0.4692842731,1,development_pool
class1_2776,-1.6188535602,-1.7586572309,1,development_pool
class0_1304,2.7821352845,-0.6347129588,0,test
class1_1134,-0.4665041789,-2.1206128826,1,development_pool
class0_1635,-0.2203375237,0.7811997615,0,test
class1_2349,-3.4716419742,-0.1428804973,1,development_pool
class0_0586,-0.4377928180,-0.0021729371,0,development_pool
class1_2855,-1.4922089154,-1.6449723902,1,development_pool
class0_1961,-1.4339764905,-1.0865935180,0,development_pool
class0_1090,-1.4250285590,-1.4144942851,0,development_pool
class1_1666,-1.5983992798,-2.0782012063,1,development_pool
class1_0989,-0.1228908901,0.9972346694,1,development_pool
class1_0140,0.6031947025,0.6910985403,1,test
class0_0476,0.4561556814,1.0015575565,0,development_pool
class0_2253,0.4091962922,0.9969686068,0,development_pool
class1_0985,-0.9934441297,0.7614893609,1,development_pool
class0_2514,1.8200324910,1.1379858643,0,development_pool
class0_2268,0.2895148156,-0.6982315573,0,development_pool
class0_2933,1.5022433248,0.5730040171,0,development_pool
class1_0956,-1.2553442279,-0.3803767073,1,test
class1_0904,-2.2406889331,0.4286869411,1,development_pool
class0_0467,3.5768943730,0.1705188324,0,test
class0_2510,0.0442422221,0.6610493129,0,development_pool
class1_0397,-0.8740002364,-1.8147655738,1,test
class1_2007,1.1091991004,0.3873509492,1,development_pool
class1_0323,-0.9649922728,1.8212010975,1,development_pool
class1_2579,0.0133229142,-0.2490002232,1,development_pool
class1_2588,-1.5224644128,-0.7319850689,1,test
class1_2913,-0.0758096784,1.1975056069,1,development_pool
class1_1565,-1.8114808030,-0.2709404402,1,development_pool
class0_0436,1.2862252660,0.0495084927,0,development_pool
class0_2254,-0.3607859433,0.0507061331,0,development_pool
class1_0133,-0.0385994036,0.1777511620,1,development_pool
class1_1068,1.0465887675,0.8569117478,1,development_pool
class0_2857,-0.6210993053,-0.0044456599,0,development_pool
class0_1026,0.3889192339,-0.9544331198,0,development_pool
class0_0410,-0.4033789960,1.2472561033,0,development_pool
class0_2476,-0.6985517844,1.2427932399,0,development_pool
class1_2165,-1.8149496811,-0.1644007967,1,test
class1_2385,-2.8081315842,0.3001833117,1,development_pool
class1_0648,-0.2914422073,-0.9404975862,1,test
class1_1362,-1.0112911062,-0.5152582143,1,development_pool
class0_2896,3.9837084646,0.1005444851,0,development_pool
class0_2019,0.1811649102,-0.1620019612,0,development_pool
class1_2181,-0.0167891174,-1.1489599432,1,development_pool
class1_0035,-0.9374371753,-1.7079352544,1,test
class1_2592,-0.9223036768,-1.5271001846,1,test
class1_2426,-0.2165512028,0.8566924047,1,development_pool
class1_0130,0.7086101156,0.1952813411,1,development_pool
class0_0263,2.6221468774,-0.1739644497,0,development_pool
class1_0189,-0.8892734766,-0.7893412532,1,development_pool
class1_1830,-1.8425820130,-1.6331678804,1,test
class0_1925,1.7523608779,-0.4678683662,0,development_pool
class0_2929,3.0107622120,2.2081731382,0,development_pool
class1_0476,-0.1431110543,1.6712540406,1,test
class1_2106,-0.5167742790,0.1068011518,1,development_pool
class1_2095,-2.3612763479,0.9180608437,1,development_pool
class0_2589,3.1701367251,0.2994528353,0,development_pool
class1_2241,-1.3592441326,-1.7401107082,1,development_pool
class0_0937,0.1883045292,1.3961494321,0,development_pool
class0_1051,0.8416326989,-0.5558195601,0,development_pool
class1_0007,-1.5369149031,0.1581807630,1,development_pool
class0_1515,0.9569672021,1.0103229880,0,development_pool
class0_2708,0.6737240151,1.6723269650,0,development_pool
class1_0062,0.0597806766,0.3856800075,1,development_pool
class0_0528,1.5423025321,0.5018280845,0,development_pool
class0_1517,0.8306455460,-0.6911178283,0,development_pool
class1_1952,0.5921283432,0.5278506004,1,development_pool
class0_1634,1.6260540931,1.0404467741,0,development_pool
class0_0316,0.9208283439,3.2903975096,0,development_pool
class1_2460,0.6924207526,0.2498370554,1,test
class1_2478,0.2534050908,0.0188611049,1,test
class0_2612,1.4327535913,-0.0061249142,0,development_pool
class0_1783,-0.4492210410,-0.3691881998,0,development_pool
class0_0095,2.4767346719,0.1299434426,0,development_pool
class1_0505,-2.8957322667,-0.6592078252,1,development_pool
class0_2813,-1.0523100732,-1.2033957481,0,development_pool
class0_0054,-1.4246204538,-1.1541656692,0,development_pool
class0_0224,0.8802421188,-0.5758133851,0,test
class0_2334,-0.1812374533,2.3987146437,0,development_pool
class1_0963,-0.6634941360,0.2671574493,1,development_pool
class0_1445,0.5686017702,1.1619257541,0,development_pool
class1_2291,-1.6371644938,2.7027038804,1,development_pool
class1_0160,-1.3260016436,-1.4903565491,1,development_pool
class1_2304,-0.8538572648,-1.0230184794,1,development_pool
class0_1186,1.0725995113,0.2231964840,0,development_pool
class0_0670,0.7362530262,1.0002607027,0,test
class0_1629,1.8875386467,0.7841709841,0,development_pool
class1_1079,0.1296990949,-1.4752062238,1,development_pool
class1_1894,-1.9816624795,0.6154903798,1,test
class1_1951,-1.6732344580,-1.1001481626,1,development_pool
class0_1143,0.5826617383,1.2984833961,0,development_pool
class0_1526,2.3508145644,1.2517532894,0,test
class1_0294,-1.6562868978,-2.0591333244,1,development_pool
class0_2208,-0.1618287651,0.7814833566,0,development_pool
class1_1992,-1.1878650246,-0.8100308026,1,development_pool
class0_2008,1.0235974730,0.1264222602,0,test
class0_0444,0.2243435401,-0.3322693735,0,test
class0_1174,1.6225683301,0.2859618639,0,development_pool
class1_1562,-1.1575832891,-1.1357267176,1,test
class1_0114,0.5477466875,1.1579324533,1,development_pool
class0_2212,-1.4236479121,0.0416870389,0,development_pool
class1_2960,-0.6596499542,-1.4301715217,1,development_pool
class1_1323,0.7869414184,-2.2654475106,1,development_pool
class1_2018,1.7589695712,0.9917856402,1,development_pool
class0_0678,3.0539385177,-0.9600869410,0,test
class1_2599,-0.0619964770,2.6913767382,1,development_pool
class1_2253,-1.1129825022,0.0702910171,1,development_pool
class0_2825,-1.6005677164,-0.1464328460,0,development_pool
class1_1877,0.2597355424,0.7811677542,1,development_pool
class0_1801,1.8386736211,0.7246340492,0,development_pool
class1_2033,0.8352917118,0.7539995635,1,development_pool
class0_1241,-0.2570543577,2.4065944409,0,development_pool
class0_0897,0.1318975215,1.1719330958,0,test
class1_2237,0.7098373433,-0.7667879136,1,development_pool
class0_2831,1.2664653413,-0.1625307102,0,development_pool
class0_0803,1.6964158814,0.2195255521,0,development_pool
class0_2183,-0.5590448013,2.6910688474,0,test
class1_1831,-0.6686428695,-0.2327798837,1,development_pool
class0_2692,0.0573072823,2.6669619346,0,development_pool
class0_0597,0.8228054187,1.3182094609,0,development_pool
class1_0273,-0.2921380378,-0.8642842163,1,development_pool
class1_0981,-1.1699731749,1.3661839861,1,development_pool
class1_2687,-0.5284496899,-0.9228866858,1,development_pool
class0_2912,0.6304899551,2.4847364237,0,development_pool
class0_0721,-1.0378333296,0.7801045533,0,development_pool
class0_2690,0.3540541995,-0.5090487722,0,development_pool
class1_1003,-2.1541788523,-1.2703836796,1,development_pool
class1_1302,-3.2778667617,-2.6286761550,1,development_pool
class1_1545,0.0717392545,-0.8229729801,1,development_pool
class0_2348,0.8345989975,0.5275555760,0,development_pool
class0_0504,-0.8412568183,0.1427471056,0,test
class1_2452,0.5116777659,1.3617208888,1,test
class1_2101,-0.9426116178,-0.6109123103,1,development_pool
class1_1622,0.3700819886,-1.3444613834,1,test
class1_1136,0.0815109077,1.7202491821,1,development_pool
class1_2724,-0.7709035947,0.5080439262,1,development_pool
class1_2627,-0.2108851101,0.8415952801,1,development_pool
class1_2376,-1.6605167534,0.0429521738,1,development_pool
class0_0905,1.3067555131,2.6933429070,0,development_pool
class1_1482,-0.5666319160,-0.9205800589,1,development_pool
class0_1063,0.0548903384,0.9024836270,0,development_pool
class0_2349,-0.9697064797,1.0017507394,0,development_pool
class1_2673,-0.2524777528,-0.9599930255,1,test
class0_2750,1.3428291359,3.8207188614,0,development_pool
class1_2841,0.6619106473,0.2177233077,1,development_pool
class1_1432,1.1875843246,-1.3796514784,1,development_pool
class1_2611,0.5844523308,0.1669543997,1,development_pool
class1_1082,-1.2331157315,-1.2672445731,1,development_pool
class1_2390,-0.9279425507,-0.8119272039,1,development_pool
class1_2707,-1.0740805696,-0.6890361484,1,development_pool
class1_0611,0.2119961793,-3.3118315699,1,development_pool
class0_1334,0.6500597450,-1.2593571638,0,development_pool
class0_1385,1.1421105389,0.8377458166,0,development_pool
class0_2738,-0.6066772280,1.9289494177,0,test
class0_1250,-0.5132152172,0.0135899831,0,development_pool
class1_2005,-0.3299508854,0.9382104443,1,development_pool
class0_1246,1.0473884751,-0.0211331979,0,development_pool
class0_1366,-1.9729165405,0.6374963553,0,development_pool
class0_1922,0.6338914841,-1.4912038338,0,development_pool
class0_1903,0.9491285514,1.7448166579,0,development_pool
class1_2061,-2.4998246128,-3.2496099276,1,development_pool
class0_0276,0.5384407829,0.2972666468,0,development_pool
class0_2820,0.6429213179,1.0017260740,0,development_pool
class0_2236,-0.8010409329,1.1878395942,0,development_pool
class1_1855,1.6086817688,-0.0568607115,1,development_pool
class1_2451,0.7922487657,-0.0343134652,1,development_pool
class0_0557,-0.7093722637,0.0585348151,0,development_pool
class1_1178,-3.3211740663,-1.8406038407,1,test
class1_1653,-2.1701806196,-0.7180172658,1,development_pool
class0_2645,0.3688944760,1.7793087509,0,development_pool
class1_2226,-0.3178381161,-1.5466911107,1,development_pool
class0_0914,0.4415398711,2.6273469149,0,development_pool
class0_2669,1.6070931521,0.3653719489,0,development_pool
class1_2905,-2.1918529261,-0.8447169728,1,development_pool
class1_0845,-0.1262119154,-0.4299982111,1,development_pool
class1_1050,-1.0421544560,-0.7842365807,1,test
class1_0756,-4.0181000242,-0.2925417236,1,development_pool
class0_2457,-0.4070369687,-0.1623042165,0,development_pool
class0_2737,1.2416599519,0.4667568257,0,test
class1_1064,-0.6007574291,-2.0670546652,1,development_pool
class1_2824,-1.5378553144,-1.6383537188,1,test
class1_1885,0.2067951484,-2.5411254704,1,development_pool
class1_1480,-1.1718201009,-1.6363882868,1,development_pool
class1_1842,-0.8362594419,-2.0378236503,1,development_pool
class1_1921,-0.4836346473,1.5837733647,1,development_pool
class1_0205,-0.2256946702,0.0562428436,1,development_pool
class0_0413,-0.2031459738,2.0484275764,0,development_pool
class0_0871,0.7298579736,0.4683204846,0,development_pool
class1_0289,0.8579591321,-0.7034231252,1,development_pool
class1_0682,-1.0750737385,-1.9353105853,1,development_pool
class0_1707,-0.7448414396,-2.0338652703,0,development_pool
class1_0524,-0.4396048949,-0.5834854538,1,development_pool
class0_0634,1.3056821551,-0.0946455417,0,development_pool
class1_2803,0.8511609264,-0.8184727982,1,test
class0_1902,1.5312966325,1.7783348858,0,development_pool
class1_2136,0.1505978800,-0.4542214309,1,development_pool
class0_0535,0.6752995655,1.2121010708,0,test
class1_0259,-2.2172957321,-1.9937061235,1,test
class1_2296,0.0523369111,-0.5223070837,1,test
class0_1948,0.0970219103,1.6487432615,0,development_pool
class0_2326,0.2504848718,1.2212305444,0,development_pool
class1_1223,-0.0191004860,-1.3377436192,1,development_pool
class1_1583,-1.3413050958,-1.4402642089,1,development_pool
class1_2236,-1.0689475272,-0.9252705875,1,development_pool
class1_1260,-0.7726756737,0.9761273342,1,development_pool
class0_1980,-0.7039188937,-0.4151242054,0,development_pool
class1_0929,1.3304032604,-0.0421366987,1,development_pool
class0_2186,2.5757787799,1.7298544627,0,development_pool
class1_2649,0.6263303491,-0.1013719225,1,development_pool
class1_0357,-2.0812755871,-1.6401356680,1,development_pool
class1_1924,-0.9490250145,-0.5602533649,1,development_pool
class0_0291,0.5005547466,-0.1428065231,0,development_pool
class0_2444,-0.0145621809,2.4788965127,0,development_pool
class1_0170,-0.5969421527,-0.6668462338,1,test
class0_1387,1.8672572723,-0.5318518802,0,test
class0_2459,-0.2171606370,-0.7990898097,0,development_pool
class0_0340,-1.3726048053,0.5972798774,0,test
class0_2780,-0.0726844752,1.1281187077,0,development_pool
class1_0200,-0.2242826647,-2.4455250958,1,development_pool
class1_1422,-0.2109859579,-0.6557740902,1,development_pool
class0_2789,0.9840650713,1.2836472300,0,development_pool
class0_0751,0.1885284672,-0.6653647728,0,development_pool
class0_0424,-1.6761967732,2.1275378476,0,development_pool
class1_0373,1.1642549431,-0.2643939660,1,development_pool
class1_2811,-1.2284204832,0.8250356273,1,development_pool
class1_2405,-0.2862083309,0.5008009263,1,development_pool
class1_2174,-2.4255058086,-0.2589837226,1,test
class1_0354,-0.1328857730,-0.0826977746,1,development_pool
class0_0631,-0.0885489398,0.0291981063,0,development_pool
class0_0729,-0.5099266291,0.0805614017,0,development_pool
class1_0582,0.0176220641,-2.0575059395,1,test
class0_2437,1.5002978387,1.8610555284,0,development_pool
class0_2998,-0.4520343834,-0.1863952588,0,development_pool
class0_2804,1.9989772786,1.4124840623,0,development_pool
class0_0559,-1.7354488957,-1.8247115523,0,development_pool
class0_1672,0.5209449782,2.4264536717,0,development_pool
class1_1029,-0.3517866282,-0.7981960311,1,development_pool
class1_0889,-0.6974722749,-2.2758988251,1,development_pool
class1_2520,-0.0802507051,-1.2307733375,1,test
class1_2736,-1.6244305583,-1.8173802333,1,development_pool
class1_1378,-0.8607327262,1.1055897056,1,development_pool
class0_1845,-0.5924243967,-0.8274593866,0,test
class0_0497,1.2627557814,0.2062303275,0,development_pool
class0_2740,0.1062939809,1.8088316774,0,development_pool
class1_1493,-1.5772046193,1.0047789994,1,development_pool
class0_0171,1.0912674542,1.4687860589,0,development_pool
class0_1751,-0.1341394088,-1.1059692204,0,development_pool
class0_2237,-1.1500824678,-0.3069799233,0,test
class1_0044,0.9933846795,-1.4044591808,1,development_pool
class0_1761,1.9543336709,-1.9082248750,0,development_pool
class1_1104,0.1270836177,-2.2887839032,1,test
class0_1507,2.8033136721,0.6389074866,0,development_pool
class1_1898,-0.9039051190,1.0249041171,1,development_pool
class0_0735,1.2901265414,1.9789020333,0,development_pool
class1_1396,1.8345268567,1.1778221392,1,development_pool
class0_1738,2.1752559387,0.1851865515,0,development_pool
class0_0416,2.4870424828,1.0638730069,0,development_pool
class1_0152,-2.2831150635,-0.5361109682,1,development_pool
class0_0202,0.4586343782,0.5314164011,0,development_pool
class0_0411,-0.1009329201,2.0824187459,0,development_pool
class1_0675,-0.7452652264,1.4537460585,1,development_pool
class1_2838,2.0755456662,0.8359194239,1,development_pool
class0_1439,1.9057077765,0.8711881361,0,development_pool
class0_1814,0.6996934144,1.8833232624,0,development_pool
class1_1458,-0.6908250598,-0.0191529847,1,development_pool
class1_1020,-2.1664867840,1.3254540390,1,development_pool
class0_0562,0.7794151047,-0.9913204919,0,development_pool
class1_0594,-0.1840902959,3.1027267921,1,development_pool
class1_2429,0.2153002387,-1.8225679600,1,development_pool
class0_2084,0.9729634826,0.5912679567,0,test
class1_2683,-0.7877970156,0.2178583096,1,development_pool
class0_2530,0.9597480679,0.3030604381,0,development_pool
class1_0783,0.4887648131,-2.1775170174,1,development_pool
class1_2278,-0.2845937502,-2.6309609411,1,development_pool
class0_2257,1.7835906178,0.3341710643,0,development_pool
class0_2178,-0.4379826378,0.6710426495,0,development_pool
class0_0114,1.2738361348,-0.3957988958,0,development_pool
class1_1281,-0.6690329200,0.4302738665,1,test
class0_0823,1.1761097452,1.8396402470,0,test
class0_2856,1.2200422781,-0.3851444413,0,development_pool
class0_1676,1.2568087693,0.7286765567,0,development_pool
class1_2863,-1.3214302590,-2.3991742336,1,test
class0_1824,0.0898249674,0.4194000110,0,development_pool
class1_2635,-2.4961737771,-0.5806124617,1,test
class0_0732,1.3571071840,0.0394865621,0,development_pool
class1_1163,-1.8505137523,0.7256885680,1,development_pool
class1_2303,0.7623668282,-2.1094228112,1,development_pool
class0_2303,1.7325931335,1.3395998441,0,development_pool
class0_0651,0.3653735553,1.9022389547,0,development_pool
class1_2353,-0.5107414036,-1.6052085432,1,development_pool
class0_2722,1.7260247024,0.8879004699,0,development_pool
class1_0795,-1.0075127672,-0.7445406558,1,development_pool
class1_1151,-1.5074549374,-2.2510129646,1,development_pool
class1_0834,0.8517736764,0.1019375728,1,development_pool
class0_0641,0.4914146014,0.2552093466,0,test
class1_2354,0.1617511485,-1.2229693227,1,development_pool
class0_2988,0.5706023637,-0.4186905426,0,development_pool
class0_2054,-0.2716620215,1.8299479229,0,development_pool
class0_0377,0.6096472299,2.2419420823,0,test
class0_1628,0.0365356262,0.2659547689,0,development_pool
class0_1134,1.9397150954,2.4349175747,0,development_pool
class1_0858,-2.2495622560,-1.2154012168,1,development_pool
class1_1515,-0.2537789752,-1.3063706197,1,development_pool
class0_1301,1.8002277882,2.7602806321,0,development_pool
class1_2728,-3.2881029821,-2.3438543112,1,development_pool
class1_0048,-1.1402866708,0.0033855294,1,development_pool
class1_2059,-1.2578243321,-0.5857296682,1,development_pool
class1_1548,-1.7744820896,-1.5335645490,1,development_pool
class1_1517,-0.0502241905,-1.8779264715,1,test
class0_2429,-1.0610102628,0.4088846657,0,development_pool
class0_1785,-0.4130762723,0.9874217014,0,development_pool
class1_0870,-1.1757353475,-0.2227274010,1,development_pool
class1_1780,0.3052081848,-0.2149778130,1,development_pool
class0_2021,-0.2874980962,0.8989954325,0,test
class1_1352,0.3748029651,1.3634780125,1,development_pool
class1_1185,-2.2258058444,-1.8601295023,1,development_pool
class0_1525,-0.8310386725,1.0237282862,0,development_pool
class1_2700,-0.3007427079,-0.6269020350,1,development_pool
class1_1605,-1.4213238188,-0.0478407746,1,development_pool
class1_2467,0.5265965037,0.6856839681,1,test
class1_1231,1.8866045732,-1.4628014634,1,development_pool
class1_2834,-0.8822300640,-1.7168212288,1,test
class0_0873,1.1951246097,1.5644042499,0,development_pool
class1_1483,0.0639616743,-2.3296294197,1,development_pool
class1_0687,1.3521059537,-1.6056100316,1,development_pool
class0_2262,-1.5782649688,1.6364119671,0,development_pool
class0_2228,-0.9262475659,-0.4789520670,0,development_pool
class0_1273,-2.1375546383,-1.4668161611,0,development_pool
class1_0425,-2.1304663696,-3.6697340324,1,development_pool
class1_2967,-0.8236907839,0.5812270072,1,development_pool
class1_2401,-0.3583447710,0.4356844038,1,development_pool
class1_2266,-1.5538745676,-2.3694975245,1,development_pool
class1_0800,-1.6405885807,-1.2459607996,1,development_pool
class0_0304,2.1981862769,0.2699755019,0,development_pool
class1_1981,1.1232557485,-0.0918090739,1,test
class1_1647,0.6712173291,1.3018790392,1,test
class0_0325,0.1798046005,1.2583628630,0,development_pool
class1_2420,0.4814430767,-0.4395488346,1,development_pool
class1_0998,-1.5406107576,1.8828829187,1,development_pool
class0_2448,1.5172335019,1.5019819899,0,test
class1_2626,-1.6372582148,-1.7977358911,1,test
class0_1356,0.0894626704,2.4633965416,0,development_pool
class0_2615,-0.8114229952,0.6725989635,0,development_pool
class1_1112,-1.3648059420,-0.6685465330,1,development_pool
class0_1904,1.9918644535,-1.0577291608,0,development_pool
class0_0928,0.0702244468,-0.9686959137,0,development_pool
class1_0535,-0.4114900376,-3.6349593987,1,development_pool
class0_0238,-0.8676509089,-1.2534558824,0,test
class0_0704,0.6859199863,3.0117760788,0,test
class1_0749,-1.6560429413,1.6353054172,1,development_pool
class1_1295,0.3258812552,0.0015179498,1,development_pool
class0_0690,-0.3398836945,2.4889583897,0,development_pool
class0_1262,0.3942353322,-0.0914827690,0,development_pool
class0_0715,0.9243182774,0.4954809572,0,development_pool
class1_0002,0.8181924979,-0.0307589740,1,development_pool
class1_1292,0.5482883050,1.5238765657,1,test
class1_1782,-2.1190987652,0.0352770298,1,development_pool
class1_2587,0.8765068219,0.3734187794,1,test
class0_0786,0.7180627737,-1.2250740452,0,test
class1_0644,-2.3312615357,-0.7088279000,1,development_pool
class0_1289,-1.6612039774,-0.1168770062,0,development_pool
class1_1358,-1.9897646396,-1.1119883657,1,development_pool
class0_2893,0.1731043366,1.0888884727,0,test
class0_0479,-0.1789373341,0.5286617103,0,development_pool
class1_0260,1.8017572589,2.3274850234,1,development_pool
class1_1725,-0.7112518280,0.4353459205,1,test
class0_2030,-0.2290324967,-0.5962098618,0,development_pool
class0_0218,-0.9826546132,-0.8678674729,0,development_pool
class0_2883,0.6452709220,0.1513162720,0,development_pool
class0_1218,0.5724884657,0.0000198092,0,development_pool
class1_2415,0.4855453214,-0.4366982998,1,test
class0_0755,-0.7283600159,1.5606197430,0,test
class0_2874,0.7074898256,1.0208612856,0,development_pool
class0_0099,1.2194258325,1.4575757426,0,development_pool
class1_1979,-0.0703750748,-1.6731673418,1,development_pool
class0_1207,2.2756341382,0.8542448798,0,development_pool
class1_2019,0.0311206317,-0.4536668397,1,development_pool
class0_0617,-1.4144825558,2.5819859653,0,development_pool
class1_2682,0.2417223863,0.3927516012,1,development_pool
class0_1307,0.6962030420,0.6861002639,0,development_pool
class1_2444,0.9491328741,-0.3594753844,1,development_pool
class1_0458,-0.5178143351,-2.5100765137,1,development_pool
class0_1227,1.1181562253,0.0093056182,0,test
class0_1960,-0.3548417083,-0.4468873113,0,test
class1_0065,1.4013530574,-0.8528078440,1,development_pool
class0_2288,1.3825046348,1.0393016136,0,development_pool
class1_2001,0.3803154852,-0.0929622479,1,development_pool
class0_0700,-0.1299845047,-1.1476407457,0,development_pool
class0_2884,-0.0323912898,-0.1561849324,0,development_pool
class1_0043,-0.1517993379,-0.6677389988,1,development_pool
class1_1412,-0.2488444925,-1.2542686771,1,test
class1_0848,-2.2141316244,0.0408749416,1,development_pool
class0_0045,0.6049994132,1.4001499014,0,development_pool
class1_2427,-0.0064200118,-0.6051753213,1,development_pool
class1_1452,0.3023596591,0.5506471053,1,development_pool
class1_0355,-1.6622318843,-2.1122011564,1,test
class1_2726,0.7144248541,-0.6109529410,1,development_pool
class0_1780,1.6136913617,-0.3990459738,0,development_pool
class1_2369,-1.1561030003,-2.7057154309,1,development_pool
class1_1346,-1.1406024767,-0.8280702965,1,development_pool
class0_1257,0.1767709814,-0.2182048356,0,test
class1_0293,-2.0925703104,-1.9321696920,1,test
class0_2600,0.5859754744,2.0200206950,0,test
class0_1626,-0.3032433830,0.1586617263,0,development_pool
class0_2033,1.9310330143,0.9505791084,0,development_pool
class0_0618,-0.0072217783,2.5320870577,0,development_pool
class1_0280,-2.2361150118,-0.0641315036,1,development_pool
class0_0814,-0.0679041958,1.9166378183,0,test
class1_2463,0.3082063023,-1.3753188475,1,development_pool
class1_0358,1.0055862180,1.7194930296,1,test
class1_2953,-2.2684718914,1.7288991293,1,test
class1_2735,-0.3647928445,-0.1746620382,1,development_pool
class0_1873,1.5846724887,1.3034889990,0,development_pool
class1_1197,-1.7254281371,-2.2613053921,1,test
class0_0310,-0.1297452439,0.2170943951,0,development_pool
class0_2624,2.2764723497,-0.1383900791,0,development_pool
class0_0980,-0.6747835759,-0.3289433372,0,development_pool
class1_1254,-0.8451648856,-2.1436623085,1,development_pool
class0_0446,-0.6713105165,0.1145550332,0,development_pool
class0_0548,-0.1325206106,-0.2575661988,0,development_pool
class1_1591,-0.1088193229,-0.7106498066,1,development_pool
class1_1028,-0.3509351861,0.3716776761,1,development_pool
class0_2355,-0.3762378531,-0.4362580879,0,development_pool
class0_1784,-0.5494824851,1.1148438236,0,test
class1_2556,-0.4404424071,1.0562725113,1,development_pool
class1_0986,-2.5147987067,-1.5160495581,1,development_pool
class1_2757,1.2142573104,-0.9461368558,1,development_pool
class1_2569,1.3256938224,-0.5054457663,1,development_pool
class1_2666,-1.0964244871,-0.5664462492,1,development_pool
class0_2416,0.5947422839,-1.2431222062,0,development_pool
class0_2579,-1.8907115192,2.6301035129,0,test
class0_2146,0.3508078970,-0.3158244349,0,development_pool
class1_1601,-1.7100347355,-2.4475476787,1,development_pool
class0_1144,-0.0483483087,-0.4380306753,0,development_pool
class1_1698,-1.2048817966,-0.1176222174,1,development_pool
class1_1980,-1.4471867285,-0.7873682955,1,development_pool
class0_2473,-1.9640568617,-0.3528000187,0,test
class0_1457,0.6063622699,1.7805297509,0,development_pool
class1_1948,0.2322966283,-0.9734537973,1,test
class1_0997,-2.7582058087,-1.3515031487,1,development_pool
class1_0502,-0.9970253837,-1.3591091371,1,development_pool
class0_1599,1.2825438807,-1.6348198769,0,development_pool
class1_2990,-2.5711149474,0.8943857435,1,development_pool
class0_0941,-1.6667637034,0.8360864446,0,development_pool
class0_1463,0.2175713795,0.6083405214,0,test
class0_2630,0.4768207384,3.6102040501,0,development_pool
class0_2344,1.9911977089,0.5193656674,0,development_pool
class0_2620,-0.3196624994,0.9782989845,0,development_pool
class0_2689,-0.1976061137,-3.6824118871,0,development_pool
class1_0254,-2.0841304121,-1.3228370435,1,development_pool
class1_1018,-1.7280160027,1.3477220800,1,development_pool
class0_1267,0.6846059424,-0.7386170813,0,development_pool
class1_1730,-1.3357914852,-1.6478298526,1,development_pool
class0_1071,0.3042766974,0.3831115861,0,test
class1_2674,-1.2821433804,0.8004133286,1,development_pool
class0_1535,-0.2502850445,0.8228764331,0,development_pool
class1_0639,0.5526568728,0.4485041288,1,development_pool
class1_0491,-0.2663538419,1.7622282371,1,test
class1_1888,-1.4430008022,1.0161896366,1,development_pool
class1_0342,-1.1388776298,-1.2180703685,1,test
class1_2702,0.9429657149,-0.7305768179,1,development_pool
class1_0709,-0.5357605953,-1.9480320471,1,development_pool
class0_0155,0.1375956072,-0.1756399030,0,development_pool
class1_0159,-2.2956826324,-3.1151234336,1,development_pool
class1_0115,-0.7974904447,-1.7760407787,1,development_pool
class1_2238,0.0647222319,-1.7534581541,1,development_pool
class1_1492,-1.0464891160,0.2337988434,1,development_pool
class0_2042,0.3882197778,-2.5732810288,0,test
class0_2741,-1.7083082377,-1.0102215033,0,development_pool
class0_1848,-0.0833735941,-0.5715038591,0,development_pool
class0_2213,2.2318264761,0.4769235756,0,development_pool
class1_2060,1.0842758020,-0.6553361360,1,development_pool
class1_2078,-1.3908604402,0.2446140577,1,test
class1_2340,-0.6208569545,0.6260205034,1,development_pool
class0_0743,-0.4355363988,1.0092271055,0,test
class0_2915,-0.7074517361,1.4027547099,0,development_pool
class0_1743,1.8578241041,1.0596512005,0,development_pool
class0_1249,0.9813487675,0.5479461781,0,development_pool
class1_0990,0.7478568814,-1.9101070166,1,development_pool
class0_0645,3.2143673534,-0.1208764116,0,development_pool
class0_0996,-0.8436066999,0.3249364035,0,development_pool
class1_1279,-1.8296966267,1.4984305638,1,development_pool
class1_0185,0.6093552312,-0.0518469844,1,test
class1_1481,-0.8286998355,-1.0448774388,1,development_pool
class1_2327,1.1576929120,-1.4223098756,1,development_pool
class1_1612,-0.2058150854,-2.5757308997,1,development_pool
class1_0766,-2.1738127432,-1.2184810188,1,development_pool
class0_1319,-0.4099888420,1.0482832391,0,development_pool
class0_0574,2.6554764822,0.4245592478,0,development_pool
class0_0010,2.4553930177,0.2674615317,0,development_pool
class0_0633,1.4343887555,-0.7557283257,0,development_pool
class1_0320,-0.0911394164,-0.1553872186,1,development_pool
class1_2490,-1.8292964237,-1.2374523517,1,development_pool
class0_0420,-0.2680551733,-0.5995652653,0,development_pool
class0_2203,-0.0372411674,1.2747429465,0,development_pool
class1_2519,-0.7273957275,-0.0566369517,1,development_pool
class0_2506,-1.5845048969,-0.4480975107,0,test
class1_0313,1.7084921846,-1.4666020510,1,test
class1_1870,-1.6902362853,-1.0611181365,1,development_pool
class1_2398,-1.0938105415,-1.5246719827,1,development_pool
class1_0247,-1.9228130779,-0.8948526259,1,development_pool
class0_1422,0.0034151284,-1.8057011732,0,development_pool
class0_2691,1.5363956837,0.5762488312,0,development_pool
class0_1908,3.0885428048,0.3106742334,0,test
class0_2642,-0.9386285396,-0.0097670068,0,development_pool
class0_2888,1.2169753645,-0.8013830642,0,development_pool
class0_0500,0.5983472525,1.4853886831,0,development_pool
class1_1986,-0.1775370940,0.9090514572,1,development_pool
class0_1760,1.0032824977,-2.4309984808,0,development_pool
class0_1469,1.2507939561,0.8951787083,0,development_pool
class1_2363,-0.5573751342,-1.6549601815,1,development_pool
class1_2497,0.3914764206,-0.2631637592,1,development_pool
class1_1674,-1.3946547569,-0.2331212906,1,development_pool
class0_1746,0.9755787777,0.6448929571,0,development_pool
class1_0349,-2.3191351829,-0.5726519343,1,development_pool
class1_1066,-0.6941586333,0.2121525175,1,test
class1_2742,0.2273361724,-0.5165393488,1,development_pool
class0_1288,-1.1249766786,-2.8476285876,0,development_pool
class1_1103,0.2239665940,-0.4679698388,1,development_pool
class0_0338,2.4377770521,1.2327886211,0,test
class1_2331,-2.0222102729,-1.6422925310,1,development_pool
class0_2720,0.2222210085,0.1292112488,0,development_pool
class1_0332,0.7773564443,-3.4171524601,1,development_pool
class0_0449,0.5448981988,0.7721860644,0,development_pool
class1_2597,0.2433465755,-0.7109991916,1,development_pool
class1_1400,-2.6117323612,-0.7717346985,1,development_pool
class1_2847,-1.5443547149,-2.2711288952,1,development_pool
class0_1641,1.2942210269,1.3407455944,0,development_pool
class0_2555,1.4557842304,1.5813967657,0,test
class1_0137,0.4252962142,-1.2507983186,1,development_pool
class1_1864,0.5630649054,-1.5672079777,1,development_pool
class0_1796,-0.9815036588,-0.0456036010,0,development_pool
class1_0072,-1.0135827170,0.0450190643,1,development_pool
class1_2227,-2.2876590356,-0.4496719061,1,development_pool
class1_0424,-0.9562253628,-0.2184369798,1,development_pool
class0_1221,-2.2298707565,-0.0897313004,0,development_pool
class1_0678,-2.4131835020,-1.0745720417,1,development_pool
class1_0367,-0.1126307300,-1.1668475756,1,development_pool
class0_1278,0.9096129032,1.7378567219,0,development_pool
class1_2986,0.3740137726,-1.8723419071,1,development_pool
class0_2931,-1.6308264226,0.2716297976,0,test
class0_2365,-1.0259232795,-0.9959555739,0,development_pool
class1_1276,1.3358121547,0.1858025422,1,development_pool
class0_0522,-0.4934979584,-0.5531550228,0,development_pool
class1_2756,-1.5295335738,-1.3838012025,1,development_pool
class1_0659,-0.5825686227,1.3437421826,1,test
class0_1437,2.9327706221,2.0270847282,0,test
class0_2417,-0.5377366612,0.4223585357,0,development_pool
class1_0103,-0.6230699310,1.8279348008,1,development_pool
class1_0057,-0.2797102849,-1.6321389770,1,development_pool
class1_0726,-0.4336720088,0.3027136912,1,development_pool
class0_0652,1.2513790823,0.0805837157,0,development_pool
class0_0103,2.5334080719,1.0805357674,0,development_pool
class1_2359,-1.1239635958,0.0362832427,1,development_pool
class0_1098,0.8327981173,-0.1927402628,0,development_pool
class1_0712,-0.2212305152,1.3731689605,1,development_pool
class0_1044,1.0965342613,0.8675939758,0,development_pool
class0_1238,-0.3471475404,0.7706922858,0,test
class1_0816,-0.8568300151,-2.1789107954,1,test
class1_1935,-0.6189532905,-1.1014761940,1,test
class1_0670,-1.4549056029,0.4206633489,1,development_pool
class1_1166,-1.1815192075,0.5898255234,1,test
class0_2547,0.5005358739,3.1405194613,0,development_pool
class1_2499,-1.7220141473,0.1048924822,1,development_pool
class0_1831,1.4055293359,0.2775971460,0,development_pool
class1_1994,1.2280697484,-1.5232701179,1,development_pool
class1_1218,-0.3431937043,-0.1100796132,1,development_pool
class0_2918,0.6505011478,-0.0002030093,0,development_pool
class1_2393,-2.7092121666,-1.2892717251,1,development_pool
class0_0232,0.9980697765,1.3295660288,0,development_pool
class1_0415,0.0015175328,-0.6735659231,1,development_pool
class0_2164,0.3674241242,1.7625239687,0,test
class0_2330,0.8879880210,-0.3548988526,0,development_pool
class0_1759,0.9259975723,1.5834658337,0,development_pool
class1_0262,-0.7754324306,0.4748385019,1,development_pool
class0_2177,2.0321083430,-0.5595277449,0,development_pool
class1_2577,2.5800142846,-1.2581216904,1,development_pool
class1_1084,-2.7160487582,-1.5964857335,1,development_pool
class1_2852,-0.1245274565,2.2764412042,1,development_pool
class1_0914,-0.2730532756,-0.6153192322,1,development_pool
class0_0231,-1.3912169488,-1.3365868890,0,development_pool
class1_0096,-0.6936626709,-2.3611852361,1,development_pool
class0_2774,-1.7946680771,-1.0681303625,0,development_pool
class0_1729,-0.2414162982,-0.8243788745,0,development_pool
class1_2711,-1.1472301219,-0.2022974958,1,development_pool
class1_1849,-1.0938952494,-0.1412014053,1,development_pool
class0_1261,-1.9785918270,2.6461515335,0,test
class0_0076,-0.0059960125,0.5307192457,0,development_pool
class0_1744,-1.4667209931,-0.4366202627,0,development_pool
class1_0743,0.3064775488,-0.6655184734,1,test
class1_1069,-0.1060584639,0.8298207818,1,test
class0_0813,-2.1137679469,-0.4405646782,0,test
class0_1178,-0.8521148084,-0.4473872258,0,development_pool
class0_2957,-1.0076119140,-0.3785524741,0,test
class1_0577,-0.1798821967,0.8432979618,1,development_pool
class0_2632,-0.0818086971,0.5649254391,0,development_pool
class0_2093,0.6757415051,1.2326390161,0,development_pool
class0_0041,0.4317808426,0.9850172595,0,development_pool
class1_0330,-0.6260644808,-0.1627228540,1,development_pool
class1_1736,-2.1120932109,0.3297027694,1,development_pool
class0_0866,0.9825780719,0.4414188184,0,development_pool
class0_0480,-0.3873222619,0.3062648568,0,development_pool
class0_0594,1.6060694706,1.2580692910,0,test
class0_0034,-0.2090184405,1.3456480398,0,development_pool
class0_1133,-1.0690220055,0.7784026889,0,development_pool
class0_1633,-1.6349303874,1.3723907337,0,development_pool
class1_1016,-1.2697836211,1.0570319073,1,test
class1_0907,-0.3386845712,-0.9557019936,1,development_pool
class0_1698,-0.2977361740,-2.4448994616,0,test
class0_0781,1.0990584732,-0.0585168826,0,development_pool
class0_2188,-0.9438098568,0.0569786249,0,test
class1_0836,0.3494647732,-2.7720067939,1,development_pool
class1_0635,-0.0273799744,-1.3198275816,1,development_pool
class1_2920,-2.3599512304,-2.1980387819,1,development_pool
class0_0951,0.0973864618,-0.4197644680,0,development_pool
class1_2899,1.8593901423,0.6815625546,1,development_pool
class0_2094,-1.1738841039,-2.2831738255,0,development_pool
class0_1419,-2.5658849399,-0.0469602196,0,development_pool
class0_0048,2.0056202601,-0.2616473483,0,development_pool
class1_2109,0.7722309150,-3.4732194426,1,development_pool
class1_2617,-0.5711926651,-0.7942764713,1,development_pool
class1_0257,0.4595430773,-0.0145317022,1,development_pool
class0_2563,0.3757420280,-0.6833396481,0,development_pool
class1_1116,0.9256008400,-1.9377089626,1,development_pool
class0_0087,0.3088899206,0.8374002874,0,development_pool
class0_2621,1.2493061935,-0.0557848252,0,test
class0_2865,0.4117826847,0.3304421823,0,development_pool
class0_0844,0.7849570705,1.0965922694,0,development_pool
class1_0867,-0.1179731556,-0.1151925505,1,development_pool
class0_1294,1.9087759052,1.5943196539,0,development_pool
class0_0253,1.4945794381,0.7399280386,0,development_pool
class0_0564,0.7971543498,-0.3713647724,0,development_pool
class1_0301,0.6780339232,0.7685834693,1,development_pool
class1_2264,0.7673913365,-0.6990201100,1,development_pool
class0_0936,1.7154406658,1.3824864374,0,test
class0_0342,0.6185357110,1.3766715212,0,development_pool
class0_0776,0.7527795081,0.4372494911,0,development_pool
class1_1677,0.3251982457,0.5858198794,1,development_pool
class1_0792,-1.5300327340,0.5835723949,1,development_pool
class1_1245,-0.4814218292,-1.6022424851,1,development_pool
class0_2182,-0.6884218567,1.1636088038,0,development_pool
class1_0105,0.0710660490,-0.9510121511,1,development_pool
class1_1453,0.4951236510,-0.6909560533,1,development_pool
class1_1897,0.0695671401,-1.4116719216,1,development_pool
class1_1165,-0.4568468567,-0.6503745600,1,development_pool
class1_1425,-0.5444501704,0.4920921802,1,test
class1_2615,-0.2596870102,-0.2450837552,1,development_pool
class1_0519,1.7129915661,0.2685682472,1,development_pool
class1_2192,0.2970682079,0.4519692051,1,development_pool
class0_1041,0.0338063890,0.9651918795,0,development_pool
class0_2452,1.7638129297,1.1855482497,0,development_pool
class1_1388,-0.7934047677,-2.9271017648,1,development_pool
class0_1624,0.6492396242,-0.4865610724,0,test
class1_1655,-1.5085753139,0.0907954644,1,development_pool
class1_1793,-0.3710196128,-2.8099793144,1,development_pool
class1_1804,1.8217475318,2.4945058854,1,development_pool
class1_2898,-1.3277122284,-2.1823636773,1,development_pool
class0_0889,1.1090636984,1.0516865392,0,development_pool
class0_1327,-0.7828642122,0.8137043658,0,development_pool
class0_2949,1.1527887852,2.8282632032,0,development_pool
class0_1032,0.2095277444,0.0496172924,0,development_pool
class0_1580,-1.0030510132,-0.5178677126,0,development_pool
class1_1732,-0.6092916812,-0.2081583867,1,development_pool
class1_0401,1.1027396444,-0.3022282477,1,development_pool
class1_1338,-0.8740180375,0.5234958131,1,development_pool
class1_1419,1.0633791008,-1.0274891776,1,development_pool
class1_2077,1.0243482844,-1.1572672442,1,development_pool
class0_0554,0.7346438173,-0.8973005558,0,test
class1_1039,-1.3016360849,0.4585440239,1,development_pool
class0_1935,-0.4042985328,1.1388811700,0,development_pool
class0_1593,0.2095029941,2.2708207718,0,development_pool
class0_0178,1.2945962655,-0.2585155478,0,development_pool
class0_1001,1.2524740337,1.0285866717,0,development_pool
class1_2845,-1.2236685054,0.8013369846,1,test
class0_2087,1.7077789218,0.2108765600,0,test
class1_0087,0.8847624592,-1.1609371868,1,development_pool
class0_0315,-0.4004223993,1.2946918121,0,development_pool
class0_1764,-0.9140131443,2.2895735794,0,development_pool
class1_2912,-2.1446429305,-0.2271473023,1,development_pool
class1_2197,-1.2554121294,-1.8120145295,1,development_pool
class1_1193,0.5124318178,-1.7466222242,1,development_pool
class1_0837,-0.5925519015,-1.0417890840,1,development_pool
class1_2949,-0.4020572523,0.0305396523,1,development_pool
class0_0089,-0.6382373325,1.6135679771,0,development_pool
class0_1280,-0.5269350430,0.9049381001,0,development_pool
class0_1880,0.2541318826,0.2196174365,0,test
class0_2584,1.0943932009,0.8610629728,0,test
class1_2409,-0.7476086284,-0.4345561496,1,development_pool
class0_0470,0.7056437634,-0.1682230938,0,development_pool
class0_1428,-0.2579373109,-1.0529777001,0,development_pool
class1_2543,-1.7298170671,-1.7810457945,1,development_pool
class1_0866,-2.1521632087,-1.7749732411,1,development_pool
class1_0248,0.1779747464,0.7688767722,1,development_pool
class0_2764,-0.5713311664,-0.5511244577,0,development_pool
class1_0022,-2.3131861176,-2.8648415472,1,development_pool
class1_0632,-1.9196552925,0.1861594934,1,test
class0_0474,2.4831899368,1.4112905641,0,development_pool
class0_1581,0.7222377635,1.4285215057,0,development_pool
class1_2885,0.3317912045,-1.3457381295,1,development_pool
class0_0191,1.7609176334,0.8323425400,0,development_pool
class1_2881,-1.1983205910,0.0689073201,1,test
class0_2962,-0.1745777225,-0.0475611983,0,development_pool
class0_1928,0.9639452498,0.7295535057,0,development_pool
class0_0418,0.3514830216,0.7143269251,0,development_pool
class1_0060,-0.7571020874,-1.2901764605,1,development_pool
class0_2115,0.2309842334,0.2442392568,0,test
class1_2345,-1.2577433144,-2.0407787646,1,development_pool
class0_0358,-0.3189105494,1.3903173766,0,development_pool
class1_2503,-1.3646967898,-1.6929546401,1,development_pool
class1_1359,-1.2247061311,-0.9977870893,1,test
class0_1673,0.1537936065,2.6766062434,0,test
class0_1819,0.5350715350,1.1083677496,0,development_pool
class1_0574,0.9947162944,-3.1134780757,1,development_pool
class1_0095,-1.4685123889,0.5122477440,1,test
class1_0823,-0.9687831138,-1.8248198639,1,development_pool
class1_2694,-1.8939183834,-0.7207077247,1,development_pool
class0_2762,0.2612632335,-0.6907761564,0,development_pool
class1_2160,-3.1707849010,0.0212082179,1,development_pool
class0_0471,1.0388008589,2.3904059400,0,development_pool
class0_2838,1.7357089827,1.7668577873,0,test
class0_0596,1.4333637223,-0.6332996878,0,development_pool
class1_1752,0.1272043159,-1.4603327198,1,test
class1_2830,-0.6481534020,-1.3431166895,1,development_pool
class0_1618,1.5679763757,1.8615172525,0,development_pool
class1_0640,-1.0180610179,0.1747694115,1,development_pool
class1_2355,0.1028013014,-0.7563708522,1,development_pool
class0_2139,1.8164434985,0.3190119767,0,development_pool
class1_1652,0.3628824218,-2.3767349753,1,development_pool
class0_0214,0.8839935951,1.9468199468,0,development_pool
class1_1607,-2.0636989851,-1.2381466820,1,development_pool
class1_2997,0.6188387615,-0.8482206307,1,development_pool
class0_2787,1.1165206349,0.5362948235,0,development_pool
class0_0922,0.9486488040,1.0924835064,0,development_pool
class0_0658,1.5063226186,-0.5259653337,0,development_pool
class0_1171,-0.4890510910,0.1631173901,0,development_pool
class0_2167,-0.3704760297,-0.0615297190,0,development_pool
class0_2718,0.3221842795,-0.6274453210,0,test
class0_1395,0.7921817553,1.0732466666,0,development_pool
class1_1816,-2.3261860172,-2.4769398036,1,development_pool
class1_2229,-2.0344030487,2.0436721239,1,development_pool
class1_0879,-1.3882369571,2.2022305170,1,development_pool
class1_0438,1.4743246292,0.0819099505,1,development_pool
class1_0621,-0.8092725067,-1.4965052530,1,development_pool
class0_2055,0.5104870319,0.8696552566,0,development_pool
class0_0494,-1.6058507672,-0.2466469512,0,test
class0_2724,0.4108891220,3.1501252121,0,development_pool
class1_1940,-0.7741385992,1.8791825099,1,development_pool
class1_0428,-1.8330088320,0.7906231055,1,development_pool
class1_2629,2.0853083751,2.0933723321,1,development_pool
class0_2871,0.9478535640,-0.5898416719,0,development_pool
class1_1393,0.4676496955,0.8166158467,1,development_pool
class1_1448,-1.0190008138,2.1501135843,1,development_pool
class0_2729,1.3113549643,0.8814327146,0,development_pool
class1_0664,-1.9339295160,-1.3016480787,1,development_pool
class0_2136,1.0310362977,0.2196752522,0,development_pool
class1_2523,-1.1616552415,0.1697435970,1,development_pool
class1_0587,-0.8078050109,0.1273589467,1,development_pool
class1_1463,0.0631708235,1.0590782724,1,test
class0_2817,0.1251866761,0.5875462382,0,development_pool
class0_1244,0.9024397598,0.8320890035,0,test
class1_1806,-1.1137940502,-0.1289307503,1,development_pool
class0_2953,1.6483982937,1.0473655483,0,development_pool
class1_2343,1.6548505548,0.3377298706,1,development_pool
class0_1458,-1.5822559875,1.2815965025,0,test
class0_2248,-1.6120300397,0.9865513709,0,development_pool
class0_0766,1.7361708130,-1.0034836717,0,development_pool
class1_1195,1.0298959689,-0.9118656235,1,development_pool
class0_1790,2.0994352671,0.4476312133,0,development_pool
class1_2119,-1.4586936231,-1.7451034623,1,development_pool
class1_0369,-1.5271544428,-1.0129485947,1,development_pool
class0_2910,1.8911357971,1.4802315663,0,development_pool
class1_0510,-1.7669957015,-1.6814814027,1,development_pool
class0_0025,1.5396600999,-1.1916299643,0,development_pool
class1_2031,-0.8173866610,-0.4479057141,1,development_pool
class1_2316,-1.7345265690,-1.5706677955,1,development_pool
class0_2979,0.1500608111,1.0835741481,0,development_pool
class1_1528,1.6896948854,0.6203235432,1,development_pool
class0_1253,2.1688244277,0.8901039331,0,development_pool
class1_1184,-1.3360735309,-0.7428537685,1,development_pool
class1_2978,0.6689163635,-0.0916584789,1,development_pool
class1_0984,-1.1830054022,-1.7717559528,1,development_pool
class0_2608,-0.2325188862,0.5487204970,0,development_pool
class1_2591,3.0506530561,2.3540579711,1,development_pool
class0_0518,-0.2608139776,2.1775958309,0,development_pool
class0_2731,0.0237496062,1.0456749889,0,development_pool
class0_2270,0.1141055012,1.3011640138,0,development_pool
class0_0531,1.9743739482,-2.4385693041,0,development_pool
class1_2016,-2.0136523257,-0.5486833191,1,test
class0_0081,0.8149911090,2.0343373339,0,test
class0_2959,1.1942537593,-1.7080690288,0,development_pool
class0_2895,2.0842668674,2.2308531595,0,development_pool
class0_0146,1.0793189848,0.3155652209,0,development_pool
class0_0175,1.3469114861,1.0162405805,0,development_pool
class1_0932,1.3414830577,0.3456981671,1,development_pool
class0_2086,2.0880559755,1.8392073152,0,test
class0_2892,-1.5591312728,1.6914194583,0,development_pool
class0_2726,0.8332824747,1.0050669203,0,development_pool
class0_1436,0.7495384015,1.4596680291,0,development_pool
class1_0509,0.1947490185,-1.1281581548,1,development_pool
class1_2910,-1.1274400309,-0.1013985986,1,development_pool
class0_0830,0.5719439837,2.3378362572,0,development_pool
class0_2594,0.6843911042,1.0156222634,0,test
class1_0058,0.4949915667,-1.1022659214,1,development_pool
class1_1487,-0.9039601876,1.1543699824,1,development_pool
class1_2054,-0.9507974941,-1.1172503893,1,test
class0_0513,-1.4768662134,-0.8009164909,0,development_pool
class0_2163,0.4206724981,2.0261060351,0,development_pool
class0_1168,-0.7902435257,0.1008602535,0,development_pool
class0_0613,0.7763379889,0.5752206257,0,test
class1_1201,-1.6242619727,0.1805341420,1,development_pool
class1_2836,1.0246318693,1.0365191293,1,development_pool
class0_0828,0.4077029794,-0.0499309173,0,development_pool
class1_1304,-0.5089085225,2.2057304302,1,development_pool
class1_0530,-2.8849944974,-1.8207658592,1,development_pool
class1_1896,-1.5402007076,-1.0207294477,1,development_pool
class0_2887,0.4858447152,-0.8094229306,0,development_pool
class1_0239,-0.7786967086,-2.1892166445,1,development_pool
class0_0082,0.0365575153,-1.2348380653,0,development_pool
class1_1444,-0.7219173415,-0.9208310797,1,development_pool
class0_0284,3.2143950046,1.6526744071,0,development_pool
class1_0794,-0.1477149673,1.1194965924,1,development_pool
class0_1277,-1.5767472572,-0.9731595690,0,development_pool
class1_0399,-3.1781330532,-0.7421842204,1,test
class0_2026,1.0597858814,1.3405789751,0,development_pool
class0_2165,-0.8009974436,-1.4234556228,0,test
class0_2900,0.5190493649,-0.4869422878,0,development_pool
class1_0526,-1.7271884449,-1.1090724524,1,development_pool
class0_2278,0.8080543954,0.3425745492,0,development_pool
class0_0894,1.3759593335,0.2107236405,0,development_pool
class0_2331,-0.6865316797,-1.1252911790,0,development_pool
class1_1614,0.4520297440,-0.5193897928,1,development_pool
class0_2101,1.1133182621,-0.5756253393,0,test
class0_0261,1.6628519127,2.5046219031,0,development_pool
class1_0403,0.4176549675,0.2216315378,1,test
class1_2364,1.0575827597,-1.2321284885,1,development_pool
class1_1363,-0.0764127190,-0.6611145378,1,development_pool
class1_0655,1.2494334097,-0.2568445540,1,development_pool
class1_0255,-0.4430632941,1.7639604983,1,development_pool
class0_2908,2.2803895921,3.3402906773,0,test
class0_0243,2.3192103058,0.1158643332,0,development_pool
class1_0014,-0.3495730298,-2.6834855136,1,development_pool
class0_0172,0.6602808005,-0.1250721897,0,development_pool
class1_1072,1.2325149652,0.5120224075,1,development_pool
class1_1202,-0.9621096433,-1.2243484756,1,development_pool
class1_1303,-1.9631128841,-0.2004766748,1,development_pool
class0_0606,2.2167543348,1.1433102182,0,development_pool
class0_1877,-0.3413575875,-1.0357441772,0,development_pool
class1_2624,-0.6287985016,-0.7781169381,1,development_pool
class1_0920,0.0419806119,-0.5183995453,1,development_pool
class0_0131,1.4254715994,1.3332553143,0,development_pool
class0_2904,2.9656039207,2.4063308369,0,development_pool
class0_2634,-0.1116578420,-0.9604690894,0,development_pool
class0_1512,-0.0034941148,1.7841212159,0,development_pool
class0_0790,1.8245135988,0.5692759208,0,development_pool
class1_2012,-1.8413514934,-1.7409771653,1,development_pool
class0_1043,1.9678448933,0.0767253349,0,development_pool
class0_2710,1.9543807263,0.1277141352,0,development_pool
class0_0138,1.0731970521,1.7890846762,0,development_pool
class0_0419,-0.1976122065,-1.7442556358,0,development_pool
class0_2345,2.2435836057,1.4954628993,0,development_pool
class1_1742,0.6236416638,1.0496733924,1,test
class1_1574,0.1070117425,-0.6365517122,1,development_pool
class0_2091,0.6303702739,-0.1584996753,0,test
class0_0249,1.6314538086,1.3365823965,0,test
class1_0235,-0.4895547777,-1.5173456530,1,test
class1_2167,-2.1817923029,-2.4146800181,1,development_pool
class0_2191,0.2144593179,0.4874114173,0,development_pool
class1_0902,0.1064867970,0.4037608019,1,development_pool
class0_0499,-1.7018299290,-0.7090404373,0,development_pool
class1_1704,0.9669033823,0.3060620390,1,development_pool
class1_1906,0.5780414532,-0.5094261172,1,development_pool
class1_0610,1.9045207104,-0.7898443256,1,development_pool
class1_1680,-0.3646122984,0.1141609996,1,test
class1_2576,-0.1127537986,-0.7468699483,1,development_pool
class0_0900,-0.5372979330,-0.5042820689,0,test
class1_1580,-2.7487902205,-0.9034328743,1,test
class0_1206,-1.4680376170,0.9145162661,0,development_pool
class1_2791,-0.7334704783,-0.0187800108,1,development_pool
class1_1199,-1.5084362652,-1.2471626900,1,development_pool
class1_0378,3.1892728082,-0.5054069192,1,development_pool
class0_2166,0.7472491393,-1.0400432576,0,development_pool
class1_1891,-0.8957711676,0.7641522059,1,development_pool
class1_1845,-0.7099734879,-0.2556192042,1,test
class1_1315,-0.5835422609,-1.6438727724,1,development_pool
class1_0517,-0.2143067944,-1.7361170132,1,development_pool
class1_0943,-1.0024632902,-0.2661958257,1,development_pool
class1_1578,0.1384418165,-0.5786120580,1,development_pool
class0_0361,1.5326843435,-1.1166971381,0,development_pool
class0_1080,-1.1478597005,-0.2838884243,0,development_pool
class1_0958,-0.1811896047,-0.1777323905,1,development_pool
class0_2171,-0.5415268641,-0.2442401701,0,development_pool
class0_1820,0.2627684264,0.9719978276,0,development_pool
class1_1280,-1.3117719302,0.4899414247,1,development_pool
class1_1716,-0.6755110309,-1.9614507125,1,test
class1_0571,2.2492948799,2.8621539594,1,development_pool
class1_1594,0.8181065590,1.4249225161,1,development_pool
class0_0196,0.9712720416,1.7333499452,0,test
class1_1683,-0.3913866064,-2.7164190908,1,development_pool
class1_1269,-2.4207491056,0.2091983452,1,test
class0_1927,0.1280466027,-1.5871533626,0,development_pool
class0_1484,0.6073766928,-0.2762078447,0,development_pool
class1_2760,-1.0809001962,-1.5203849999,1,development_pool
class0_0347,1.0484850534,2.0026883926,0,development_pool
class1_0017,-0.2867419662,-1.6666841718,1,test
class0_2919,1.1880961946,3.4257699452,0,development_pool
class1_1342,0.4568401300,1.7445468340,1,development_pool
class0_1424,1.7071888137,0.4101074329,0,development_pool
class0_2098,3.1485460819,2.3803349211,0,development_pool
class0_2955,-0.3873769307,-1.7837821294,0,development_pool
class0_2024,-2.3449649254,2.0154789901,0,development_pool
class0_1615,-0.2091309936,-0.2695797731,0,development_pool
class1_2104,-0.7705686086,-3.1060595878,1,development_pool
class0_1229,0.8648448934,1.2357287508,0,development_pool
class1_2112,1.1222634276,1.7889783650,1,development_pool
class0_2651,0.9401521352,0.4557682620,0,test
class0_1587,1.1484324165,2.3506496911,0,development_pool
class0_0318,2.7420129828,0.1783200506,0,development_pool
class1_2417,0.2265544994,-0.1620353540,1,development_pool
class0_1966,-1.3206784082,1.0465375947,0,development_pool
class0_2993,-0.5679290037,-1.4496496017,0,development_pool
class0_1396,0.3672835242,-0.4962725564,0,test
class1_1186,0.5755541857,-0.8431274237,1,test
class1_0038,-1.5226415974,-2.7167889518,1,test
class1_1128,-1.7146473586,0.4965606803,1,development_pool
class1_2868,0.3214758028,0.1448731025,1,development_pool
class1_1355,-1.1650838634,-2.5193875490,1,development_pool
class1_2465,0.6538605077,0.3302061998,1,development_pool
class0_1586,0.9260680178,1.8683589661,0,development_pool
class1_0442,0.3379613109,0.0451416200,1,development_pool
class1_0406,0.1915646038,-2.0295603998,1,development_pool
class0_0439,0.8177037923,1.1643945962,0,development_pool
class1_1947,0.0121758000,-0.3230986264,1,development_pool
class0_0385,-0.3091234400,2.4987097923,0,test
class0_0412,-1.3998727134,-1.9619797942,0,development_pool
class1_1965,-1.5772172809,-0.7286637038,1,development_pool
class0_2604,-0.2084010720,-0.9922405370,0,development_pool
class0_0558,0.0746025201,0.6399976739,0,development_pool
class1_0261,-0.1116710317,-0.2277467534,1,development_pool
class0_1795,-0.3690544545,-0.9828908324,0,development_pool
class1_1146,-2.1285546366,1.2962311604,1,development_pool
class0_2920,2.1226814543,1.2066775010,0,development_pool
class0_1621,-1.7337133509,2.7099975550,0,test
class1_1771,-0.3673001042,-1.2562580923,1,development_pool
class1_2195,-2.6671432794,-1.7700421316,1,test
class1_2527,-0.8677149095,-0.8668473731,1,development_pool
class1_0143,0.5409806005,-0.4135447402,1,development_pool
class1_2622,-0.3405816181,0.0115901624,1,test
class1_1217,-0.4698248441,0.6781536806,1,development_pool
class1_1129,-1.7415838485,-1.3866716615,1,development_pool
class1_0916,-0.8930800348,0.2604282537,1,development_pool
class0_1739,1.2033898272,-2.0586643883,0,development_pool
class0_2492,0.3419669078,0.1139174707,0,development_pool
class1_0808,-1.0912607953,-2.7643936418,1,development_pool
class0_2617,1.7008676203,1.3028099441,0,development_pool
class0_1433,0.3507884882,-0.1260663448,0,test
class0_2986,-0.4262281986,-0.4250577715,0,development_pool
class1_0112,-1.8735287394,1.0387603898,1,test
class0_1183,-0.0910487040,2.2849920473,0,development_pool
class0_0294,1.5940746311,0.2775013952,0,development_pool
class1_0649,1.1024387093,-0.5378474272,1,development_pool
class1_2693,-0.1828159093,-0.4316989104,1,development_pool
class1_1501,-2.0575861457,-0.3946623377,1,development_pool
class1_0279,-1.2588397815,0.4640190896,1,test
class1_1126,0.7063950708,-0.9297259369,1,development_pool
class0_0571,-0.2833243897,1.8479114412,0,development_pool
class1_0660,0.5643493342,-2.2385561568,1,development_pool
class1_2030,0.1616091720,-2.0686221542,1,test
class0_1832,-0.0961566643,0.3877775784,0,development_pool
class1_0757,-0.3460543989,-1.0660686862,1,test
class1_0951,1.7830749546,0.0399441412,1,development_pool
class0_2898,0.8524776339,0.6879624571,0,development_pool
class0_0536,0.1749985337,0.9140270054,0,development_pool
class1_2818,-1.5663048809,-1.2879219935,1,test
class1_1740,-1.4231425707,0.1942542050,1,development_pool
class1_1227,0.8242567030,-0.1437329255,1,development_pool
class0_1681,2.9011584992,0.2871358769,0,test
class0_0456,0.6222309571,0.9617371849,0,development_pool
class0_1442,0.7212003533,1.4302453635,0,test
class0_0320,2.7269280640,0.7206006575,0,development_pool
class0_2587,1.6642080501,0.1224911808,0,development_pool
class0_2972,1.6952603287,-0.6973663007,0,development_pool
class1_1132,-0.2536414174,-0.3873954523,1,development_pool
class1_1331,-1.6036872315,-3.7715387931,1,test
class1_1251,-2.5270378473,-3.2267172140,1,development_pool
class1_0028,-1.9858134859,0.3384019443,1,development_pool
class0_0764,-2.4832668490,-0.0924842553,0,development_pool
class1_1495,-1.6016299949,-2.2909379797,1,test
class1_1800,-0.7894144542,-1.2916270878,1,development_pool
class0_1166,0.8343420754,0.7234209914,0,test
class0_0049,0.0168630946,0.4212881833,0,development_pool
class1_0942,-1.6754109077,-1.7638098803,1,development_pool
class1_1892,0.3024152165,0.8031876061,1,test
class0_2889,0.3468671324,-0.2046055478,0,development_pool
class0_0920,0.6927313616,0.3703181127,0,test
class1_1728,-0.6706468296,-1.8051204138,1,development_pool
class1_2733,-3.5097100604,-3.7283781925,1,development_pool
class0_2783,-0.0644042904,1.0046532521,0,development_pool
class0_0450,-0.0117992557,-1.2773905552,0,development_pool
class1_2027,0.9854139425,-0.7122527889,1,test
class0_1852,2.0175743412,0.7210223620,0,development_pool
class1_0973,-0.1612377647,-1.6196532829,1,development_pool
class1_0760,1.2378955660,2.2759320540,1,development_pool
class0_2305,0.4986713170,-0.8009356254,0,development_pool
class1_2143,-0.8584855612,-0.3720038373,1,test
class0_2137,2.6252166356,0.9524963193,0,test
class1_2244,-1.0153875603,0.4752626582,1,development_pool
class0_1690,0.5841161523,-0.5441182922,0,test
class1_0511,-1.1844744083,-3.7026762050,1,development_pool
class1_1684,-1.2280318653,0.8410249875,1,development_pool
class1_2766,0.3486753830,0.9626511943,1,development_pool
class1_1278,-1.5349488245,-1.2541514151,1,development_pool
class0_1740,-1.6682535170,0.4794697340,0,development_pool
class0_1062,0.7219063612,0.3146376399,0,development_pool
class1_2545,1.0526564183,3.5387012093,1,development_pool
class0_2814,-0.5487752983,0.9267975175,0,development_pool
class1_1769,-0.5317109259,1.0462004720,1,development_pool
class1_2565,-0.5908500475,0.9213775086,1,development_pool
class0_2169,1.6860247199,2.4656594662,0,development_pool
class0_2569,-0.5195362235,0.6097346193,0,development_pool
class0_1045,-0.1950873189,2.0550657099,0,development_pool
class0_1971,-0.8126222308,1.0932297685,0,development_pool
class0_2456,-0.0348968228,2.0182120681,0,development_pool
class0_0655,-0.8978706568,-0.1624713166,0,development_pool
class1_1371,-0.9646691014,1.3902468976,1,development_pool
class0_2089,0.2710253868,0.7465984196,0,development_pool
class0_0003,0.9034991028,0.5407756888,0,development_pool
class1_1937,-1.2738443423,0.8808257255,1,development_pool
class0_0961,1.7983998787,2.9570574652,0,development_pool
class0_2574,0.7816453613,0.4541703206,0,test
class0_0734,-1.3899217651,-0.7784992602,0,development_pool
class0_0147,0.4010215468,1.7172194559,0,test
class1_0543,1.4233080317,-1.8370976205,1,test
class0_0101,-0.2738087193,0.5949549333,0,development_pool
class0_1309,1.1329849359,1.2600119057,0,development_pool
class0_1712,-0.2279315521,0.4199500190,0,development_pool
class0_1230,-0.3396543054,0.3915684685,0,development_pool
class0_1612,-1.3387066000,-0.2617028983,0,development_pool
class1_0886,-1.1873098071,-1.5038963375,1,development_pool
class1_0560,-0.2349709572,0.8296942721,1,development_pool
class1_1497,1.0512846774,-1.7578574901,1,test
class1_1271,0.8593565504,-1.2507119664,1,development_pool
class0_1822,1.4662732017,1.4120396455,0,test
class0_2564,0.7707361376,0.7486286019,0,test
class0_0865,-1.2722902933,1.5754116137,0,development_pool
class1_0322,0.8282405105,-0.2088466967,1,development_pool
class1_2034,-0.5738263830,0.0981357411,1,development_pool
class0_1981,-0.2702422471,2.6584158691,0,development_pool
class0_1473,1.0815704376,-0.6964254182,0,test
class0_2150,2.0480115712,0.8202395263,0,development_pool
class0_1812,2.3403536351,2.4130648727,0,development_pool
class1_2041,-1.2409001894,-3.2666913651,1,development_pool
class0_0244,1.9511563775,0.2756294150,0,test
class0_1962,2.0769637489,-0.4196656684,0,development_pool
class1_2245,1.0345163243,-0.1642193940,1,development_pool
class1_0988,-0.8244056330,-0.3272229189,1,test
class0_0927,0.9204095648,2.3443570876,0,test
class1_2435,-0.2861693157,0.6358039531,1,development_pool
class0_0533,1.7111342387,-0.0234509034,0,test
class1_2337,1.0407433619,-0.3847503455,1,development_pool
class1_0566,-0.2865168949,-0.5724227598,1,development_pool
class0_0209,-1.0611531584,-0.8819507855,0,development_pool
class1_1731,-0.8302269850,-0.8931338886,1,development_pool
class1_1512,-0.2000050118,1.1649255546,1,test
class1_1022,0.1352023660,1.6006301782,1,development_pool
class0_1165,-0.8175567206,0.4978666131,0,test
class1_1873,-1.5473299135,-0.5388582204,1,development_pool
class1_1642,-0.2437673272,0.8438133736,1,development_pool
class0_1394,2.2344500586,0.2265147565,0,development_pool
class0_2509,0.9148764952,4.0786049102,0,development_pool
class0_2454,1.8645427556,0.0775599732,0,development_pool
class0_0067,1.1409466713,1.8746329100,0,development_pool
class0_2061,1.1828245557,0.9701033222,0,development_pool
class1_0965,0.3523459831,-1.9475938708,1,development_pool
class0_0404,0.6601024887,-0.0815716868,0,test
class1_0650,-0.6899143352,1.0475047729,1,development_pool
class0_1234,1.1947302577,1.2535032996,0,development_pool
class0_1305,-1.3385456789,0.6364822424,0,development_pool
class0_2049,0.3919982448,-0.5218627823,0,test
class1_2590,-0.2952421478,-0.0184481223,1,development_pool
class0_2052,-1.4681810305,-0.0952995445,0,development_pool
class0_1344,1.2442627272,-1.1346353768,0,test
class1_0396,-0.0644168033,-0.7675823616,1,development_pool
class0_0337,1.1128188546,0.5373851393,0,development_pool
class0_0226,-0.1803874474,1.2993126728,0,development_pool
class0_1990,0.7741096310,-0.8520096756,0,development_pool
class1_2258,-1.4053676462,0.0913694805,1,development_pool
class0_2544,0.1249457260,0.9073210317,0,test
class1_1553,0.7056227527,0.1739526607,1,development_pool
class1_1547,-0.3952385758,1.5896478112,1,development_pool
class0_0295,0.3753939592,-0.9508454011,0,test
class1_1017,-2.4472567706,-1.2306045940,1,development_pool
class1_1900,0.5256913432,-1.3071368559,1,development_pool
class0_1031,-0.2008249553,-0.4136404148,0,development_pool
class0_0395,1.8531398454,-0.7200097683,0,development_pool
class1_0281,-1.2553422453,0.8300265893,1,development_pool
class1_0832,-0.3750604532,0.6518085525,1,development_pool
class0_1236,-2.3489641139,1.3131314078,0,development_pool
class0_0292,-1.8591807122,1.6585615368,0,development_pool
class1_1946,-2.3970956910,-0.9783075893,1,test
class1_2315,-2.7855419938,0.0193073690,1,development_pool
class1_1228,-0.0223498018,1.1118940004,1,test
class0_2435,0.7650463116,-0.0438364385,0,test
class1_1959,-1.3311333184,-2.1658152000,1,test
class0_1255,2.8061132142,0.7573701571,0,test
class1_1073,-1.5093364694,-1.5483586102,1,development_pool
class1_1423,-0.3385158334,-1.4872399826,1,development_pool
class1_0719,0.2777965196,0.1879990775,1,development_pool
class1_2175,-1.0742489432,-1.4079270455,1,development_pool
class0_2923,0.2383016821,-0.6062972164,0,development_pool
class0_2069,0.2912700198,0.8148315712,0,test
class1_2531,1.1028604777,0.1383111715,1,development_pool
class0_0200,-0.3501463542,1.5674704305,0,development_pool
class1_1656,-1.5865831507,-3.0630270878,1,development_pool
class0_1064,0.7570675229,2.4833672692,0,development_pool
class0_2359,-2.6831298721,-0.8484873663,0,development_pool
class1_2528,-0.7069841909,-1.8611003348,1,development_pool
class1_1597,-1.3547699314,-0.8179325831,1,development_pool
class1_1673,-0.4041649566,-0.6547737510,1,development_pool
class1_1168,-1.7791409026,-1.1777660539,1,development_pool
class0_2443,0.2672980830,-0.4672955872,0,development_pool
class1_2640,-0.1448821363,-1.6636930847,1,test
class0_1363,-1.3647363437,-1.3590110335,0,development_pool
class1_1609,-1.8530276092,-1.4362129695,1,test
class0_1596,0.3369004556,1.4404252001,0,development_pool
class0_1983,0.7957461732,1.3582824848,0,development_pool
class1_0362,1.1146602999,-2.7471851198,1,development_pool
class1_1057,2.1496616697,0.1837623143,1,test
class0_0466,-0.4304294822,2.4838465184,0,test
class1_0534,0.0240483121,-0.2947245438,1,development_pool
class0_2050,0.5693998144,0.6813739061,0,test
class1_0506,-0.8013568375,-0.7514959151,1,development_pool
class1_0427,0.8062828985,-1.8672702318,1,test
class0_1518,0.0978967034,0.7901886048,0,development_pool
class0_1559,1.2697334595,0.0988663022,0,development_pool
class1_0066,-0.3624452188,-1.2104853065,1,development_pool
class1_1996,-2.0083531989,-1.7117590251,1,development_pool
class0_1058,0.1947258359,-0.6003412025,0,development_pool
class1_0113,-0.7401148418,-1.2479504257,1,development_pool
class0_1089,1.8820617283,2.1682606024,0,development_pool
class1_2790,-1.0964209111,-2.2107892765,1,development_pool
class0_1957,0.1968197983,-1.1121578497,0,development_pool
class1_1381,-0.4182596659,-2.4248656926,1,development_pool
class1_2985,1.2319759614,-2.9625667747,1,development_pool
class1_2145,0.6384389838,-0.5252642689,1,test
class1_2814,0.6865227759,-0.2848645952,1,development_pool
class0_2029,-1.2346726344,-0.5396490966,0,development_pool
class0_2960,0.7385709498,-0.9640618580,0,test
class1_1693,-0.0979141583,0.4700297975,1,development_pool
class1_1284,-2.0759017926,-1.2587319999,1,development_pool
class0_0887,0.9399547634,1.2414393367,0,development_pool
class0_0510,0.4753506116,1.1324656701,0,development_pool
class1_2931,-0.1132953443,-1.6861795271,1,development_pool
class0_2284,0.6433987566,-1.2608442849,0,test
class1_0127,-3.2363444758,-2.7686842454,1,development_pool
class0_0852,-0.9617194576,0.7574201453,0,development_pool
class1_1573,1.2275419559,-1.4135010129,1,development_pool
class0_0707,-1.6094967204,1.7445104901,0,development_pool
class0_0047,1.4198320519,0.9122200371,0,test
class1_2049,-1.3749088295,-0.9022725529,1,test
class0_2866,0.6041045568,0.6707831872,0,development_pool
class1_1826,-2.0901740768,-1.0413793309,1,development_pool
class0_1455,-0.0468639138,1.9007032784,0,development_pool
class1_0227,1.0216130531,0.0624719059,1,development_pool
class1_1044,1.5897641087,1.1759164951,1,development_pool
class0_0589,2.1822534013,2.0299063066,0,test
class1_2329,-1.1736250543,-2.5472005489,1,development_pool
class1_2835,0.8965278869,-1.7113564997,1,development_pool
class1_1093,0.4761867402,-1.5784497661,1,development_pool
class1_2481,3.3010836795,1.3403681299,1,development_pool
class0_0380,0.7718519898,1.8567673898,0,development_pool
class1_2439,-1.8949781269,-0.3709808008,1,development_pool
class0_0637,1.7813478073,1.2911699448,0,test
class1_1011,2.2005650666,1.3248699932,1,development_pool
class1_2474,-0.5026256285,0.7262913459,1,development_pool
class0_1025,0.6908580543,0.9312784279,0,development_pool
class0_2043,-0.5701259784,-0.9176394338,0,test
class0_2076,-0.3162708167,1.4308788348,0,test
class0_0615,-2.1266797738,1.2978477349,0,development_pool
class0_2004,3.5535176486,2.5777046960,0,test
class0_1566,0.6137570482,0.5555528553,0,test
class0_0384,-0.8384632777,1.9048492708,0,development_pool
class1_0461,-0.2555140449,-1.2328170900,1,development_pool
class0_2941,1.7017285216,3.8589119903,0,test
class1_1070,0.7659312903,1.3024366340,1,development_pool
class0_1823,2.1323196437,0.4064463044,0,test
class1_2709,-0.0711820339,-0.8632217803,1,development_pool
class0_2471,0.1021526073,-0.2164046938,0,development_pool
class1_1296,-0.6126169648,-3.1477216212,1,development_pool
class1_1621,-1.1911492743,-1.2924823725,1,development_pool
class0_2053,0.3711024996,0.7477477420,0,development_pool
class0_0685,1.6058997032,0.2351692328,0,development_pool
class0_0638,-0.7606189762,-0.5410720776,0,development_pool
class1_0132,-0.5890641963,-0.1114601850,1,test
class0_1478,0.0467195415,2.7537229676,0,development_pool
class0_0898,0.8802168593,-0.2847290201,0,development_pool
class0_1068,1.2801825321,0.3915624865,0,development_pool
class0_1217,0.6573977596,0.3872893047,0,development_pool
class1_0868,0.6832736521,-1.9066077760,1,development_pool
class1_0718,-0.2998417253,0.1555427083,1,development_pool
class1_1076,-0.5216643905,-1.3648843545,1,development_pool
class1_1298,-0.2555093427,-0.5623422085,1,development_pool
class1_0975,-1.4326084497,-1.4188861542,1,test
class1_2872,-0.3070491307,-0.4868652565,1,development_pool
class0_0184,0.2776531736,0.2971612370,0,development_pool
class0_0063,-1.7534611551,1.6399781086,0,development_pool
class0_2840,0.5449617975,-0.2275185122,0,development_pool
class1_2697,0.8519291591,-2.8483678714,1,test
class1_0078,-1.5348034574,-0.8400127794,1,development_pool
class0_1855,0.0671392990,0.1282504034,0,development_pool
class1_2243,-1.0955894959,-0.9845610496,1,development_pool
class1_1006,-0.5605885821,0.1071493132,1,development_pool
class1_2524,-1.4252377548,-2.3361921274,1,development_pool
class0_2545,0.9725590421,-0.1329215749,0,test
class0_0015,1.2957609003,0.8438708863,0,development_pool
class0_0075,-0.2252005846,0.2348860928,0,development_pool
class0_1794,1.8711722138,0.4488160072,0,development_pool
class0_2860,1.4481512593,-1.5029759990,0,development_pool
class0_0614,0.5723040491,0.3445695274,0,development_pool
class0_0189,-0.4695721256,-0.1855399116,0,development_pool
class0_0673,0.7493708716,-1.5510231694,0,development_pool
class0_0702,-1.1817565677,-0.0679588882,0,development_pool
class1_1036,-1.9215052049,-0.8762722398,1,development_pool
class0_1996,2.4675390594,1.7374604116,0,development_pool
class0_0162,-0.3445239182,2.8969885108,0,development_pool
class0_1643,0.8168185486,3.1459065317,0,development_pool
class0_0899,1.4192801173,0.1860821626,0,development_pool
class1_1272,0.1558505910,0.1416614696,1,development_pool
class1_2288,0.2204954317,0.8913952132,1,development_pool
class0_1109,0.9655348225,0.8630826165,0,test
class0_1231,-0.1473368216,1.0032218335,0,development_pool
class1_0404,-0.1748631869,0.9020821849,1,test
class0_1240,1.2331805074,2.3066454223,0,development_pool
class0_0280,0.4518830173,-0.2003033360,0,development_pool
class1_2893,0.3986263163,0.7574939657,1,test
class0_2707,0.5462898319,1.9036526502,0,test
class1_0982,-0.3294276882,0.8096466289,1,development_pool
class0_2858,0.4554574313,-0.2041203152,0,development_pool
class1_2896,-0.1944871736,2.1373524410,1,test
class0_0820,-0.6297755030,-2.2835903824,0,test
class0_1371,-0.2524377235,0.4652857812,0,development_pool
class1_1473,0.5513167863,0.3232867574,1,test
class1_1977,1.0883975177,-0.4000357736,1,development_pool
class1_1089,-3.2018266411,-0.8341455640,1,development_pool
class0_2378,0.7788308150,1.2357986293,0,development_pool
class0_0929,-0.6273233759,-1.0146937706,0,development_pool
class0_2837,-1.0795026778,3.2959314594,0,development_pool
class1_2424,-2.7080195216,-0.7018030716,1,development_pool
class1_1775,1.6859605604,-1.4952871215,1,development_pool
class1_0252,0.1451452142,-1.9772909105,1,development_pool
class0_0030,-0.5699180908,0.9413899215,0,development_pool
class0_2211,0.0418416978,-1.6406668261,0,development_pool
class0_2761,1.7200906346,0.6952350388,0,development_pool
class1_0536,-0.9183013275,-2.3695782650,1,development_pool
class1_0618,-0.9005124745,1.0923421629,1,development_pool
class0_1695,-0.4251355219,-0.2097040787,0,development_pool
class0_1053,0.3559661990,2.9007841955,0,development_pool
class1_0653,1.4255445448,-3.2912170838,1,development_pool
class1_2638,-1.7727558367,-0.5710848297,1,development_pool
class1_2664,-1.1500787139,-0.1033438439,1,development_pool
class1_2755,-2.4464377909,-0.8019548759,1,development_pool
class1_1689,0.5124973622,2.4053090411,1,test
class0_0907,-1.7241755297,-0.3347980359,0,development_pool
class1_0192,0.0867351438,-0.1092670886,1,test
class0_0187,-1.6197236906,-0.1336277170,0,development_pool
class1_1465,0.3545605427,0.5510365001,1,development_pool
class1_0012,-2.6511851932,-3.0774014771,1,development_pool
class0_0225,1.8079602280,0.1670336958,0,development_pool
class1_0708,-1.3055401987,-4.0371347468,1,development_pool
class1_2876,-2.2552938937,0.0289876058,1,test
class1_0146,-1.4071237387,0.8652060275,1,development_pool
class1_1090,-1.0225012943,-1.4138660581,1,development_pool
class1_1283,1.7195203289,1.7477969197,1,development_pool
class1_1659,0.5426530711,-1.0023031585,1,development_pool
class0_1506,-0.4381265789,1.6157887556,0,development_pool
class0_1107,0.0131330265,-0.6872423056,0,development_pool
class0_1818,-0.1065903699,0.3067629123,0,development_pool
class0_0275,0.6157450227,-0.3199448051,0,development_pool
class1_0583,0.2941404962,0.1144386045,1,development_pool
class0_2434,0.3470222502,0.2907391142,0,development_pool
class0_2688,-0.4824318719,0.6634684360,0,development_pool
class1_0891,-0.9200879795,0.6526854632,1,development_pool
class1_2404,0.0548881160,0.0364514401,1,development_pool
class1_2070,-0.4618038531,-2.4696338544,1,development_pool
class1_0565,-1.6981386295,0.3310957653,1,development_pool
class0_0619,-0.6627991333,-1.5204143496,0,development_pool
class0_2542,1.2481087399,-0.4083731989,0,development_pool
class0_2969,0.5602633196,-1.8883977763,0,development_pool
class1_1334,0.9635661216,-0.1003151309,1,development_pool
class0_0657,-1.2509446879,-0.3867886772,0,development_pool
class1_2512,-1.9385311966,-0.5094295128,1,development_pool
class1_1749,-2.2423110182,-1.1157872139,1,development_pool
class0_2851,0.6923963427,0.3559753653,0,development_pool
class0_0430,0.5336179010,1.5141516568,0,development_pool
class1_2670,-4.1039070145,-3.3049576159,1,development_pool
class0_0088,-0.4032253296,0.8782414495,0,development_pool
class0_1189,1.8684586263,-0.1858456155,0,development_pool
class0_1338,2.9770423077,-0.0634443398,0,development_pool
class1_2651,-0.7353943951,-0.6807150109,1,development_pool
class1_1106,-1.5879126186,-0.5940405759,1,development_pool
class1_2727,2.0195015810,0.4199079077,1,development_pool
class1_1356,-0.0432402392,-0.7445448017,1,development_pool
class0_2862,1.6954352174,0.7599729494,0,development_pool
class1_1839,-0.7574913847,1.7048604637,1,test
class0_2968,-1.4297419178,-0.7453908165,0,development_pool
class0_1030,0.1009583519,0.4008665530,0,development_pool
class0_0154,-0.2538701197,-1.1703285746,0,test
class1_0036,0.1216526651,-2.2153921916,1,development_pool
class1_0722,-1.1970300002,0.0240506041,1,development_pool
class1_0229,-0.1501513160,1.3928044726,1,test
class0_0842,1.1060792424,1.6085744810,0,development_pool
class0_1325,-0.2137177461,1.1840840410,0,development_pool
class1_1268,-2.2512579171,-1.1514348329,1,development_pool
class0_1038,1.3307850187,0.8411270557,0,development_pool
class0_0590,2.2926964813,0.5830232626,0,development_pool
class0_0919,1.5009439639,1.6691239369,0,development_pool
class1_2318,0.0692397824,-1.6584473181,1,development_pool
class1_0661,-1.0115814959,-1.1938708966,1,development_pool
class1_2943,-1.1280463139,0.0511594368,1,development_pool
class0_0890,1.4436188349,0.3709248655,0,test
class0_2958,1.4149825473,0.0307549181,0,development_pool
class0_1686,1.4993398858,-0.3524012503,0,development_pool
class1_1916,1.0975762684,-0.1645293186,1,development_pool
class0_2705,-0.1716755405,1.5611745819,0,development_pool
class0_1495,-0.2958713232,3.4402821172,0,test
class0_2231,-2.0601117091,0.8049078008,0,development_pool
class0_1778,2.2706554771,2.2206465695,0,test
class1_0080,0.6243147691,-1.7995874078,1,development_pool
class1_2382,-1.4366384711,1.0434775254,1,test
class1_2946,-1.7318871306,1.4147704171,1,development_pool
class0_2464,0.7407412248,1.1103089701,0,test
class0_1825,0.0912491934,-0.5766476670,0,test
class0_0286,-0.8160359670,1.7810895496,0,development_pool
class1_2293,1.2805132641,-0.6827433396,1,development_pool
class0_1699,-1.1331061232,1.1738179844,0,test
class1_1187,1.1537608764,-2.6273615245,1,development_pool
class1_0835,-0.4641765779,-0.5280957570,1,development_pool
class0_2890,-0.0683409025,1.0129558154,0,test
class1_0924,0.2917997234,0.3997851132,1,development_pool
class1_0974,-2.1874381746,-0.9394472113,1,development_pool
class0_2406,1.2649566885,-1.7002924223,0,development_pool
class1_2205,-1.7457366527,-1.4457171372,1,development_pool
class1_1063,-0.8693437327,0.5020894625,1,test
class1_0905,-0.5657626683,-3.5445078890,1,development_pool
class0_1393,1.2347983547,0.6896041935,0,development_pool
class1_1266,1.4542235145,-0.7808206213,1,development_pool
class0_1830,-1.3660729995,2.0615653479,0,development_pool
class1_0032,-2.0031759817,1.6962476802,1,development_pool
class1_2636,-1.8874891378,-2.6608495481,1,development_pool
class1_1758,0.3463237793,-1.7401075969,1,development_pool
class1_2310,-0.2518690039,-3.1793850525,1,development_pool
class0_0423,-0.0393615387,0.7235406790,0,development_pool
class0_1383,-0.3756093728,0.8952621068,0,development_pool
class1_2259,-0.4152225475,1.5561001519,1,development_pool
class1_0970,-1.6982462926,-2.1391862278,1,development_pool
class0_1594,0.9431181467,2.3276286537,0,development_pool
class0_2332,1.4016324417,0.6714732662,0,development_pool
class1_0283,-1.0270839353,0.0685541978,1,development_pool
class0_2922,3.5620705053,0.2716650589,0,development_pool
class0_1531,0.4566699537,-0.0589951674,0,test
class1_0398,-1.3939097234,0.7737648958,1,development_pool
class0_0357,0.7077861317,1.3261251412,0,development_pool
class1_0316,0.6335166028,1.3418280353,1,test
class1_2186,0.4077883251,0.0612855620,1,development_pool
class0_2279,1.1750152523,1.7329792069,0,development_pool
class0_0767,0.3077486588,0.0790837154,0,development_pool
class0_1511,-0.2799050269,-0.9974315237,0,development_pool
class1_2196,0.9208532560,2.8057931853,1,development_pool
class0_1679,2.0743656235,-1.2234550549,0,development_pool
class1_2902,0.3302004516,-0.3569002564,1,development_pool
class0_1529,0.8687188879,1.1853570141,0,development_pool
class0_0682,1.1402920623,-0.3671798588,0,development_pool
class0_1225,1.7784361956,0.7086545974,0,development_pool
class1_2411,0.4896276133,0.3901635218,1,development_pool
class0_2792,-1.3621667301,-0.7562340286,0,development_pool
class1_2450,0.4322704687,-0.1477320767,1,test
class1_1467,0.2430591984,-1.2854663948,1,test
class1_2260,-0.6599642260,2.6201802338,1,test
class1_1417,-0.7692059955,0.6926093937,1,test
class1_1748,1.3154601968,-0.5581889581,1,test
class1_2770,-2.1549066883,-0.0327159620,1,test
class1_2684,-1.4010978606,1.2610973445,1,development_pool
class0_2826,0.6027931465,0.7313567029,0,development_pool
class1_2380,-0.1874660798,-1.5868417497,1,development_pool
class0_1378,0.9200067463,0.2202988946,0,development_pool
class0_1009,2.3031259251,-0.8012443010,0,development_pool
class1_2826,-1.6818504892,-2.1474388355,1,development_pool
class0_1757,0.2295293965,-2.4778974426,0,test
class1_0971,1.1477821071,1.5939937366,1,test
class1_0532,0.0840774635,0.2655255190,1,development_pool
class0_0130,-0.5210730365,0.6789848788,0,development_pool
class0_1105,0.7975417999,0.7964440499,0,development_pool
class0_2701,1.9345783132,1.3190477771,0,development_pool
class0_0694,-1.9444815916,0.4746011523,0,development_pool
class1_0019,-0.0053598178,-2.6312013776,1,development_pool
class1_2833,-0.0123988409,-1.1800377035,1,development_pool
class0_1884,0.4156205572,2.4350063620,0,test
class0_2517,-0.6105580100,0.2235818390,0,development_pool
class0_0893,1.5508053200,-0.7072237534,0,test
class1_2002,-0.0188040162,0.1522548866,1,test
class0_0612,-0.4217809443,0.2192738610,0,development_pool
class0_2946,0.1618152256,1.2702523649,0,development_pool
class0_0329,0.5054727255,0.4680983013,0,test
class1_2974,0.0762331555,-2.1715114882,1,development_pool
class1_1438,-0.6815488268,-1.1975039826,1,test
class1_2988,1.1944841273,-0.9358881503,1,test
class0_0975,-0.5284556586,-0.6080744728,0,test
class0_1753,2.0391415250,-0.0870729591,0,development_pool
class1_2796,-0.1356413304,-1.9354187056,1,development_pool
class0_0888,2.2268544845,0.1818844034,0,test
class0_1582,1.4735664420,0.3974961772,0,test
class1_1779,0.3282821110,1.4653133029,1,test
class0_0942,2.1299270005,1.2120853169,0,development_pool
class0_2875,1.2732928913,-0.2393395597,0,development_pool
class0_2818,0.6947733076,1.7901031292,0,development_pool
class0_2095,0.9441403447,0.8463505933,0,development_pool
class0_2927,0.6771019632,-0.8389206517,0,development_pool
class0_0050,0.6768593612,0.3134385369,0,development_pool
class0_2994,1.2245081529,1.2879085010,0,development_pool
class1_2525,-2.0047998294,1.3587976875,1,development_pool
class1_0745,-1.3640832266,-0.1114504090,1,development_pool
class1_2831,0.7945201314,-0.1213871676,1,development_pool
class0_2384,1.8181352186,1.4265560676,0,test
class0_1575,1.2995224696,-0.0895496960,0,development_pool
class1_2774,0.4374319764,-1.8615384969,1,development_pool
class0_1671,0.0181348361,-0.3578253813,0,development_pool
class1_0741,-0.5149805275,-0.0571757834,1,development_pool
class1_0495,-0.4338269956,-0.5236035888,1,development_pool
class0_1756,0.0209732745,-1.3373188267,0,development_pool
class0_1131,-0.2274919402,0.3988388009,0,development_pool
class1_1188,-0.1657252321,-0.4846109718,1,development_pool
class1_2554,-0.5744701848,-1.4159943307,1,development_pool
class1_1567,-0.9437427320,-0.5194015009,1,development_pool
class0_2467,-1.8251248726,-0.0863502097,0,development_pool
class1_2536,1.4156809629,-1.0921881818,1,development_pool
class0_1555,1.5208735769,-1.3758334405,0,development_pool
class1_2394,-1.4405641324,-1.5657630800,1,development_pool
class1_0703,-1.0576046804,1.5227367228,1,development_pool
class1_0863,-0.9444726457,-3.1619180397,1,development_pool
class1_2379,-0.2681493086,-0.4566686098,1,development_pool
class1_2532,0.4170960633,1.9773162864,1,development_pool
class0_2154,0.5307238812,1.6646644697,0,development_pool
class0_1491,-0.7360322248,1.2350893418,0,development_pool
class0_2436,-3.4725072897,-1.3654247976,0,development_pool
class0_1953,-0.7824717329,-1.2813556047,0,development_pool
class1_0462,-0.3546390873,-1.4656925104,1,development_pool
class0_1073,-0.4422950061,1.8657915082,0,development_pool
class0_2261,0.1305031745,1.7948527088,0,development_pool
class1_2594,-1.8767142892,-1.0270386394,1,development_pool
class0_0665,1.1829144022,2.1123199943,0,development_pool
class0_0738,0.7424640555,1.7467757851,0,development_pool
class1_0765,2.4964874173,-0.6785448032,1,development_pool
class1_1861,-0.3761849413,-0.0078925321,1,development_pool
class1_2297,-1.0700198790,0.2240731144,1,development_pool
class1_2022,-0.3504286217,-0.1577325694,1,test
class0_1702,0.3911149099,0.2379845826,0,development_pool
class0_0110,0.8970368556,1.0238757270,0,development_pool
class0_1258,0.3650419738,0.8729907485,0,development_pool
class0_0093,0.1589330076,1.2650578167,0,development_pool
class0_2070,-0.3488413559,-0.3422884865,0,development_pool
class0_0987,-0.2730841197,0.0285998959,0,development_pool
class1_2341,0.2158986621,0.3636146720,1,development_pool
class1_2234,-0.6200528655,1.1746442343,1,test
class0_1002,1.4903015192,1.0132095690,0,development_pool
class1_2011,-2.4334971479,-1.4976334392,1,development_pool
class0_1588,2.0336203756,0.8679527182,0,test
class1_2189,-2.0244090072,-0.7982264519,1,development_pool
class1_2535,-2.2153249778,-1.5823079296,1,development_pool
class0_2220,0.4357111770,1.2105294322,0,development_pool
class0_1545,2.2397550138,2.4622004886,0,development_pool
class1_0158,-2.0996881735,-0.9899388926,1,test
class0_1807,0.3633021242,0.9765034923,0,development_pool
class0_2507,0.6757757990,0.3075583877,0,development_pool
class1_0156,-1.2633121958,0.6145102928,1,test
class0_0747,0.8923394481,1.1782450976,0,development_pool
class0_1786,-0.2340418386,1.7984746294,0,development_pool
class1_2231,1.4682129606,-0.0649477236,1,development_pool
class0_2340,-0.5118994828,-0.1225614055,0,development_pool
class0_1415,-0.1187289209,-0.6865191553,0,test
class1_0388,-0.0961825781,1.1773567138,1,test
class1_1211,-1.5035295235,-0.0415317486,1,development_pool
class0_2811,2.1822604397,-0.5743725300,0,test
class0_2281,0.1837097284,2.8468359944,0,development_pool
class1_0167,0.1440459703,-0.3030126789,1,development_pool
class1_1377,-0.7964458572,-1.3781818686,1,development_pool
class1_0327,-0.0506740652,0.4725909254,1,development_pool
class1_1401,1.1676968243,-0.6196173269,1,test
class0_0159,0.0933742023,-0.3872889902,0,development_pool
class0_1055,0.3445278843,1.2789818344,0,development_pool
class0_1999,2.7192869825,2.2230837574,0,development_pool
class0_0119,2.2767920569,2.5656458393,0,development_pool
class1_2046,0.7986429062,-0.9659835935,1,development_pool
class0_0709,0.2378619160,0.6539632852,0,development_pool
class1_2947,0.5816893648,0.1499968287,1,development_pool
class0_1369,0.5527658692,1.0831133619,0,development_pool
class0_0544,-0.6623779923,-0.2924474179,0,development_pool
class1_0522,0.2420444436,-2.1163457412,1,development_pool
class0_2195,-0.0917236176,0.8150183705,0,development_pool
class1_1265,-1.1132477356,-1.8038122229,1,development_pool
class1_0601,-0.6828530736,-0.5821173481,1,development_pool
class1_1741,-0.7167346843,-1.3910182917,1,development_pool
class1_0089,0.5863534681,-1.2884198039,1,development_pool
class0_2075,0.7997280408,1.1770034108,0,development_pool
class0_2805,-0.3817520629,-0.3233527829,0,development_pool
class0_1023,0.4118694328,2.1485626749,0,development_pool
class0_0959,1.7282637696,0.7664508062,0,test
class1_0754,-0.0941300862,-1.2956946713,1,development_pool
class1_1468,-1.0569340886,-1.1324815116,1,development_pool
class0_2180,-0.5879877167,0.4658051344,0,test
class0_2072,-0.1031473248,0.3796632037,0,development_pool
class1_0050,-0.1648733662,-1.2772945455,1,development_pool
class1_0860,0.7413163587,-1.1730265314,1,development_pool
class1_0277,-0.2980272589,-1.4559805788,1,development_pool
class1_2794,0.8051631964,-0.6553779254,1,development_pool
class0_1373,3.1295025470,2.6700002473,0,test
class0_1386,1.2735925044,0.1169983033,0,test
class0_2976,0.3507489805,0.3900756840,0,development_pool
class0_2322,-0.3618572056,1.7900100845,0,test
class1_2177,0.2934070278,-1.0395785151,1,test
class1_2595,0.0540625424,-2.6201766283,1,test
class0_2909,1.1364998585,1.4093909652,0,development_pool
class1_1932,-0.1722729853,-1.8348522088,1,development_pool
class1_0789,1.5662802168,1.5185859723,1,test
class1_1582,-1.9638509059,-0.3093158626,1,development_pool
class0_1958,1.9932340537,1.8509487567,0,test
class1_0720,0.4474715714,1.4248198539,1,development_pool
class0_0042,-0.5006030117,-1.3035037814,0,development_pool
class1_0463,2.4517327824,0.4043873615,1,development_pool
class1_1973,1.0634986071,-1.6973422063,1,development_pool
class0_0498,1.6679595250,1.2324808238,0,development_pool
class0_0100,1.3301193468,-0.4405626247,0,development_pool
class1_2807,-0.2425727236,-1.6635883493,1,development_pool
class0_2474,2.2355934785,0.1680236168,0,development_pool
class1_2688,1.8550568148,-0.7497210654,1,development_pool
class1_2907,-1.4448017842,0.9840103789,1,development_pool
class1_2973,-2.4482414376,-2.3802189888,1,test
class0_2466,1.1570619980,-2.2376138712,0,development_pool
class0_2625,-0.6056691156,0.0510176469,0,development_pool
class0_2071,-1.3561950860,1.1819408973,0,development_pool
class1_2871,-0.3916573549,-0.5735486100,1,development_pool
class0_2963,2.8291688251,1.4957329390,0,development_pool
class0_2903,-0.7226992109,-0.5108522157,0,test
class1_0584,-2.2123351630,-2.3886527893,1,development_pool
class0_0107,-0.9096110330,0.0995199543,0,development_pool
class0_2273,-0.3038216438,0.6013939704,0,development_pool
class0_2614,0.5847350361,1.2289466928,0,development_pool
class0_1598,3.4125165551,0.5000175343,0,development_pool
class1_0142,-2.1619212915,-0.5834121956,1,development_pool
class0_2758,0.5424082727,-1.8107695931,0,development_pool
class0_2665,1.4019567781,-1.3043223899,0,development_pool
class1_0938,-2.9049236598,-3.4536578373,1,test
class1_1871,1.1749351848,-0.6301879916,1,test
class0_0812,0.1454850459,-0.8895993205,0,development_pool
class0_2698,1.2165250597,2.4607670367,0,development_pool
class1_1275,0.1541736154,-0.3286725906,1,development_pool
class0_1408,-1.8691555031,-0.6078770167,0,test
class0_1040,0.9810054578,0.2835752476,0,test
class1_0134,-1.3199792794,0.1808325896,1,development_pool
class1_2157,-0.5904047796,0.6658574350,1,development_pool
class1_2110,-2.0302353211,-1.2227492918,1,development_pool
class1_1229,-1.4737269294,-1.4374987106,1,development_pool
class1_0091,-1.1780821349,-1.6512750332,1,development_pool
class1_0119,0.0583143089,0.1396878087,1,development_pool
class1_2295,-0.5916340062,-1.1648703454,1,development_pool
class1_1733,-0.0413514615,-1.9771690991,1,test
class0_1123,-1.1150563209,-0.9533887976,0,development_pool
class1_1249,-1.9444760436,-0.0714854973,1,development_pool
class0_0642,-0.9128293028,0.5692875533,0,development_pool
class1_1783,-1.0259734602,-0.8658147604,1,development_pool
class1_1556,-2.6715662306,-1.8349742495,1,test
class0_1326,0.1843408599,2.5380053937,0,development_pool
class0_2252,1.6824162746,2.3222314381,0,development_pool
class1_2489,-0.7583214500,-1.6694153738,1,development_pool
class0_2967,2.1948148165,-1.3900868355,0,development_pool
class1_1008,-1.1836991671,0.8997397392,1,development_pool
class1_0824,-0.3067592556,2.8605379535,1,development_pool
class0_0440,-0.4049453442,1.4361055986,0,development_pool
class1_1293,-0.6790793721,0.1836272381,1,test
class1_1998,-2.6407606587,-0.6251020100,1,test
class0_2591,0.6382799522,-0.0531568168,0,development_pool
class1_0630,-1.8451861204,1.9540090121,1,development_pool
class0_1809,1.6553212008,1.2151100160,0,test
class1_0220,-1.3882675142,-0.5705423095,1,test
class1_1720,-1.2038427978,-1.3649732005,1,test
class1_0633,0.1482076089,-0.8690300275,1,development_pool
class0_1565,0.7497904197,0.1123079813,0,development_pool
class1_1638,1.5639527237,-1.3279273903,1,test
class0_1509,4.1351565388,-0.2524000473,0,development_pool
class0_1544,-0.3905261594,1.4978952680,0,development_pool
class0_0098,0.0372405892,0.6341717070,0,development_pool
class0_1010,0.8571149524,-1.0627358975,0,development_pool
class0_2329,1.5280297204,0.0702036212,0,development_pool
class0_0293,0.1351956820,0.5197373607,0,development_pool
class0_1418,0.9631479844,0.4986406481,0,development_pool
class1_2514,0.3918684808,-1.8030650905,1,development_pool
class0_2791,-2.0952091161,-0.5102967158,0,development_pool
class1_1499,-2.8377258608,-0.3769140768,1,development_pool
class1_0590,0.4543953691,-0.6676892919,1,development_pool
class1_0684,-1.7757362206,-2.5028446399,1,test
class1_1936,0.3954706166,-1.5066732187,1,test
class1_2538,-0.0293230597,0.2727196117,1,development_pool
class1_2037,-1.7928658136,-1.0814697544,1,development_pool
class1_2719,-1.3110290049,0.6661506633,1,test
class1_0395,0.0100450219,1.0750019717,1,test
class0_1973,0.1834932257,1.5986406462,0,development_pool
class1_0178,1.6527713003,1.2882865263,1,development_pool
class0_2673,-0.4847597281,2.1099217201,0,development_pool
class0_0169,1.5320798057,1.0341910007,0,development_pool
class0_2784,-1.0676181591,0.0038327303,0,test
class0_1420,-1.4817238593,-1.7281156398,0,development_pool
class0_0524,1.1022202945,-1.3399159339,0,development_pool
class1_1856,-0.0319561026,1.0183504600,1,development_pool
class0_2769,1.7754313641,1.2275037414,0,test
class1_0540,-0.9088451180,-1.1512588267,1,development_pool
class1_0689,-1.4122617399,-0.4685930515,1,development_pool
class0_1826,-0.3137588854,0.5395330444,0,development_pool
class0_1994,0.3998707590,-0.4493974910,0,development_pool
class1_1670,-0.5475307972,-0.5146528079,1,development_pool
class0_1284,0.9403454688,1.9490813971,0,development_pool
class1_1207,0.3015628239,0.7055410404,1,development_pool
class0_0288,1.4258948234,-1.9995812678,0,development_pool
class1_2255,-0.0906340353,-1.8428780221,1,development_pool
class0_2451,1.6601237861,0.0834100983,0,development_pool
class0_1949,-1.3723360048,-0.2715580689,0,development_pool
class1_2908,-1.6577568087,-0.5671794209,1,test
class0_1882,0.6335832755,1.9090030366,0,test
class0_0333,1.0938243882,1.2587053880,0,development_pool
class1_0499,-0.8210536766,-1.6380812977,1,development_pool
class0_1901,3.0568517969,0.5777224620,0,development_pool
class1_1402,-1.4630953181,-0.4792026108,1,development_pool
class1_1375,1.5947220682,1.1138574075,1,development_pool
class1_2716,-0.5144165528,0.0241969828,1,test
class0_0346,-0.0555704316,1.7404555769,0,development_pool
class0_1888,1.8149279987,2.5454383133,0,development_pool
class0_1754,0.2408529561,0.1463460093,0,development_pool
class1_2099,-1.5567077170,0.0396411855,1,development_pool
class1_1216,0.2880551531,0.1659966886,1,development_pool
class0_1631,0.6902578192,0.7615249688,0,development_pool
class1_2806,-3.1451086217,0.8866358640,1,development_pool
class1_2185,-0.5678408411,2.1662156617,1,development_pool
class1_2883,-0.9954551161,0.1283588986,1,development_pool
class0_1486,2.3672880603,2.2609606533,0,development_pool
class0_1370,-1.6358929807,-0.3129190866,0,development_pool
class1_1566,-3.2176084223,-0.0982235224,1,test
class0_0402,0.7668887232,0.0507349254,0,development_pool
class1_0851,-0.4837410829,-2.2084500237,1,development_pool
class0_2379,0.9282117913,2.9126348504,0,development_pool
class1_0721,-4.3371799387,-0.0115085609,1,development_pool
class1_2163,0.3450483747,-1.6909007820,1,development_pool
class0_0240,-3.2881017970,-1.5536638023,0,development_pool
class1_1176,1.3611117916,0.4986481328,1,test
class0_2677,-0.5592533736,1.2413114524,0,test
class1_2342,-0.9330996531,0.2739243219,1,development_pool
class0_0126,0.9852067412,2.4071523553,0,development_pool
class1_1286,-0.1351525584,0.5021199435,1,development_pool
class0_1193,1.0564139981,-0.1186419217,0,development_pool
class0_1683,-0.3403516816,2.6856243626,0,development_pool
class0_2487,3.0724280180,-0.1590310790,0,development_pool
class0_0794,0.6169113851,0.0483143018,0,test
class1_2021,-0.4493103686,-0.7850698126,1,development_pool
class0_1536,0.3854304583,3.0229548253,0,development_pool
class1_0371,1.4273071921,0.8183344718,1,development_pool
class1_0894,-0.1066894731,-1.0947784513,1,development_pool
class0_2834,-0.7133810972,0.3967543343,0,test
class1_2124,0.2749781034,1.2531676020,1,development_pool
class0_0639,-2.0049718856,-1.3956465089,0,development_pool
class1_0053,-0.4738751904,1.1726906706,1,development_pool
class0_1483,-0.4598107215,-0.8608262342,0,development_pool
class1_1507,1.7762186809,2.0067522232,1,test
class0_1343,-0.0627573075,0.4270293953,0,development_pool
class1_1997,0.0326496271,-2.2890265019,1,development_pool
class1_2270,-0.2216516197,2.6730582528,1,development_pool
class0_1793,1.4343494557,-0.5695439406,0,development_pool
class0_0156,-0.1445983680,1.5576194116,0,development_pool
class1_1928,-0.4181699143,0.4984382869,1,development_pool
class1_0414,0.9283216151,0.9092689393,1,test
class1_1588,-1.2558580195,-1.8407267600,1,development_pool
class1_0945,-0.8468285211,-1.2622278894,1,test
class0_0668,0.6200673369,0.0978559959,0,development_pool
class0_2006,1.5672749480,-0.6102139719,0,test
class1_2959,-1.8856321210,-0.5826965774,1,development_pool
class1_2859,-0.2827032187,-1.4213217495,1,test
class1_0552,-0.3667061878,-0.8280500093,1,test
class1_0995,-1.2577985144,-0.3583869211,1,development_pool
class1_2374,0.4015985355,-1.0567833918,1,development_pool
class0_1617,0.0353209459,2.9964786627,0,development_pool
class0_1212,0.7512962681,0.6839420671,0,development_pool
class1_1258,-0.2693811012,0.0896149306,1,development_pool
class1_0617,-1.2955080753,-0.1695635801,1,development_pool
class1_1222,0.7403206587,-1.2915225288,1,development_pool
class1_0224,0.5840302100,-0.1305616319,1,development_pool
class0_1993,1.8823686112,-1.3432048298,0,development_pool
class0_0021,-0.3333122104,-0.0678296108,0,development_pool
class0_1479,-0.2011196300,-0.5675895052,0,development_pool
class0_2971,1.1555699735,2.3506204955,0,development_pool
class0_0805,0.3889722719,-0.0019720926,0,development_pool
class1_0561,0.5652104289,-0.7383575530,1,development_pool
class1_0925,0.3702871839,-0.1357530450,1,development_pool
class0_0496,1.8838317391,-1.2792103181,0,development_pool
class0_1451,0.8717887578,0.2145646562,0,test
class1_0827,-0.8138307281,-0.0658954841,1,development_pool
class0_2679,2.7492348408,1.3472956864,0,development_pool
class0_1797,-0.5394510413,-2.8313961764,0,development_pool
class1_2324,-2.6224040365,-2.1031755195,1,development_pool
class1_0750,2.2706047433,1.9923390675,1,development_pool
class0_0268,1.0816711756,1.1551008815,0,test
class0_2828,1.9550667915,0.7067273340,0,development_pool
class0_2704,1.0619486803,2.8439352675,0,development_pool
class1_1365,-0.7113035841,-1.0725886360,1,development_pool
class0_1813,-0.5661453308,-2.0346144140,0,development_pool
class1_2844,0.6121403695,-3.7255456761,1,test
class1_2094,1.5505829574,-0.1274853685,1,development_pool
class1_0136,-0.7308600025,0.4183661543,1,development_pool
class1_2472,-0.8836910888,-1.4215113447,1,development_pool
class1_1745,-0.2526795105,0.1638223368,1,development_pool
class1_1428,0.1564316954,-0.8709384699,1,development_pool
class1_2015,1.1815413333,1.0527514291,1,test
class1_0763,0.1818841964,-1.0431728437,1,development_pool
class1_1531,-0.4322250215,-0.3740480452,1,development_pool
class0_0677,-0.6017157054,0.5743624118,0,development_pool
class1_1198,-0.3994715977,0.9882899362,1,development_pool
class0_1637,-0.8947656514,0.2224124484,0,development_pool
class1_0025,1.4429589847,0.1090265684,1,test
class1_2802,0.4708280094,0.6283124380,1,development_pool
class0_1816,0.4254819595,-0.5571494505,0,development_pool
class0_1121,-0.0531446472,0.8522240491,0,development_pool
class0_0344,1.0183276404,0.4376577422,0,development_pool
class1_1505,-1.6787988625,0.0998158597,1,development_pool
class0_1748,-1.4842149780,1.5137127698,0,development_pool
class1_1311,-0.2871763294,0.7861283792,1,development_pool
class0_2016,0.7790277154,-1.4149818052,0,development_pool
class0_1963,1.0097449075,0.4886164925,0,development_pool
class1_1941,-0.3556983605,-0.7315063843,1,development_pool
class1_2553,0.3085359678,-2.5959934163,1,test
class0_0084,-1.7491242704,1.1893747828,0,test
class0_0646,-1.7997071547,2.0624310905,0,development_pool
class0_0247,1.0937498524,-0.2405458949,0,test
class1_1110,0.7416899667,-1.3228865965,1,development_pool
class1_2009,0.1635829213,0.8736060195,1,development_pool
class0_1421,1.3943322522,-0.9552402822,0,development_pool
class1_2575,0.0062351045,1.4174062151,1,development_pool
class1_0979,-2.1333166438,1.2115794659,1,test
class1_1702,1.1663251700,0.8451524551,1,development_pool
class0_1243,0.3555217620,1.6871895903,0,development_pool
class0_1520,1.5733687143,1.2532878961,0,development_pool
class1_0448,0.5885882109,-0.2461021398,1,development_pool
class1_0977,0.8330159005,-1.3200222393,1,development_pool
class1_0359,-1.4318051534,-1.5573937731,1,development_pool
class0_1851,-1.6357029462,0.6146812393,0,development_pool
class1_2170,0.8738131278,-0.8725700961,1,test
class0_1216,0.7541963886,-0.8254608124,0,development_pool
class0_0397,1.2313228873,-0.7466075012,0,test
class1_0088,-0.6162062575,-1.0241209579,1,development_pool
class1_2968,-0.3456758280,0.0589495235,1,development_pool
class0_0837,1.5861502695,0.1571585563,0,development_pool
class1_0803,-0.2235524664,-1.3564071731,1,development_pool
class1_1739,-1.9899667623,0.4744834044,1,development_pool
class0_2725,1.2862680391,-0.8933593046,0,test
class1_1234,-2.1583301685,0.0128648323,1,development_pool
class1_0572,0.7694835614,-1.8345097569,1,development_pool
class1_0010,-1.1068742100,0.3864326342,1,test
class1_1814,-2.5357296221,1.1847877874,1,development_pool
class0_2880,0.3311633792,1.6529375291,0,development_pool
class0_2040,1.1051497997,0.6316867087,0,development_pool
class0_0508,-1.3001808998,-0.9935788324,0,development_pool
class1_2921,-0.3118313657,-1.8231204910,1,development_pool
class1_0231,0.8445474485,-1.1220996850,1,development_pool
class0_0219,0.0239816257,-2.1140623598,0,development_pool
class1_2934,1.2861838036,-2.1598172397,1,test
class0_1404,1.2217460830,-0.0688188111,0,development_pool
class1_1335,-1.4837782944,-0.2466441241,1,development_pool
class1_0672,-0.6032547636,-2.0125256404,1,development_pool
class0_2975,3.2390637382,0.9233974735,0,development_pool
class0_2767,-0.9110504761,-0.5849510120,0,development_pool
class0_2580,1.5501287393,-0.2007366198,0,development_pool
class1_1846,-0.7260875567,-1.1936317723,1,development_pool
class1_0061,-0.5058532065,-0.2769507391,1,development_pool
class0_0460,0.7731826518,1.0738655758,0,development_pool
class0_2907,0.9443448223,-0.3597996420,0,development_pool
class1_1177,-1.5035571801,-0.3099601102,1,test
class1_0339,0.1660967252,-1.2239216549,1,development_pool
class0_0116,1.0252185224,1.3605547275,0,development_pool
class0_1584,0.7474864011,0.9923418148,0,development_pool
class0_1984,1.6685711952,-1.2588609001,0,development_pool
class0_2122,0.5184189617,1.6008230173,0,development_pool
class1_0468,-1.7061362565,-0.9615806252,1,development_pool
class0_2649,-0.1632729489,1.0122927817,0,test
class0_1251,-0.7912836334,0.7086215931,0,test
class0_2806,-1.4940206464,1.2426476670,0,development_pool
class1_2549,0.5958943802,0.8841503563,1,development_pool
class0_0896,2.1898459851,2.3680436207,0,test
class0_1610,0.6387146310,1.7564255933,0,development_pool
class0_1926,0.6153550620,1.3801218634,0,development_pool
class0_1017,-0.3434481614,0.4396228420,0,development_pool
class1_0109,0.4153369058,-1.4385294582,1,development_pool
class0_1550,0.1737153271,1.0720263707,0,development_pool
class0_2577,0.4184029082,-0.4014317710,0,test
class1_2706,1.6789557208,-1.4606050707,1,development_pool
class1_0206,-0.8407825931,-0.9930835539,1,development_pool
class0_1337,0.6703078817,-0.1644623324,0,development_pool
class1_2712,-0.0151047235,-0.5449557173,1,development_pool
class0_1838,0.5049209656,0.6178170328,0,test
class0_1028,2.4113996758,1.1422108570,0,development_pool
class1_2936,-1.9393804454,-2.2399158858,1,development_pool
class1_1976,-1.4994197622,-1.1471253287,1,development_pool
class1_0636,0.9466117545,1.3124420028,1,test
class1_2307,-1.2853139299,-2.3390014441,1,development_pool
class1_1719,-0.5245362197,-0.6926668304,1,development_pool
class1_1519,-1.5746648615,0.5120075416,1,development_pool
class1_0138,-0.1828819276,-0.0519332874,1,development_pool
class0_2794,3.2330037298,-1.0104540307,0,development_pool
class0_0757,2.6258504098,-0.2657756834,0,development_pool
class1_2438,-0.3360966536,-3.3563887620,1,development_pool
class1_1434,-0.1072668453,-1.4201677511,1,development_pool
class1_2328,-0.8197634682,1.4335978260,1,development_pool
class1_0368,-1.4781865223,-0.6885888943,1,development_pool
class1_1701,-0.8738445302,-1.4832214724,1,test
class1_2647,-3.0375128394,-0.1960837904,1,test
class0_1160,1.8818273538,0.1774757447,0,development_pool
class1_0203,-2.0303021269,0.0409214556,1,development_pool
class1_0147,-1.3175210155,-0.6417075676,1,test
class1_1805,0.4668289423,1.2400476146,1,development_pool
class1_2419,0.6845009565,-0.3766905162,1,development_pool
class1_0638,-1.3174654529,-2.4079679351,1,test
class1_2222,0.0342348919,-0.8691351139,1,development_pool
class0_1417,-0.7704523428,-1.1949206000,0,test
class1_0628,-2.5918524675,0.2273258630,1,test
class0_2125,0.0768650405,-0.0122410793,0,development_pool
class0_0541,1.1012943112,0.5602266023,0,development_pool
class1_2964,-3.0480095779,-2.5813267345,1,development_pool
class1_2998,-0.0132372989,-1.8431344616,1,development_pool
class0_2561,2.1475954859,1.4719063813,0,development_pool
class0_0298,-0.0892398124,-0.8793538200,0,development_pool
class0_0581,1.0965879706,4.6457009429,0,development_pool
class1_2870,0.5582275887,0.7670610556,1,development_pool
class0_0595,0.7282511500,-0.7719016288,0,test
class1_0966,-2.1196096756,-0.0344961274,1,test
class0_1233,-1.0118463689,0.3627386855,0,development_pool
class1_2820,-0.7724536440,0.1702175647,1,development_pool
class0_0947,0.9988953949,0.8290886168,0,development_pool
class1_2280,-1.4588646818,0.6536266562,1,development_pool
class0_1890,2.5357449752,2.4024063805,0,development_pool
class0_2068,0.9058578013,0.3043942490,0,development_pool
class1_0926,-2.1614256989,-2.6379132894,1,development_pool
class0_2325,2.2114277668,1.8560701863,0,development_pool
class0_0459,-0.2212480710,0.0678455395,0,development_pool
class1_1850,-0.4882197674,-2.7954090290,1,test
class0_0212,-0.0163874931,1.4887637520,0,development_pool
class1_0634,-1.3898982582,-1.2683807007,1,development_pool
class0_0495,0.6887993398,0.7304507025,0,development_pool
class0_0722,1.3327895781,-0.6762538368,0,development_pool
class0_2060,1.7368868280,0.1260254768,0,development_pool
class0_0417,2.0473450109,0.8578781377,0,development_pool
class0_0748,-2.5168868251,0.5909389136,0,development_pool
class1_1159,-0.9730376680,0.3292246517,1,development_pool
class0_0965,-2.0613914328,0.9724673977,0,development_pool
class0_0059,1.4381845915,-0.3723236392,0,development_pool
class0_0190,-0.9513243092,-2.2035346284,0,development_pool
class1_2230,-1.3916440301,1.2073221294,1,development_pool
class0_2965,-0.9327605316,-0.3080102650,0,test
class0_2660,0.2652598167,1.1022703004,0,development_pool
class0_2680,2.4272042447,2.0014157358,0,development_pool
class1_1657,-1.4560160792,-1.5895830331,1,development_pool
class1_0911,-1.7292591005,-0.4072565494,1,test
class1_1461,-2.4011694894,-1.7926953577,1,development_pool
class1_1385,-1.1538181145,0.0542872209,1,test
class0_2423,-1.0178082352,-0.1952242768,0,development_pool
class0_2083,0.2956762146,1.5254544958,0,development_pool
class0_0676,3.0058747296,0.2142586397,0,development_pool
class0_1085,0.3607710882,1.0832503753,0,development_pool
class1_1085,0.3025399577,0.1265637375,1,test
class1_0183,-3.2033845886,-0.4344394298,1,development_pool
class1_1437,1.4103222886,0.9445195724,1,development_pool
class0_0203,0.4445121128,1.4094270789,0,development_pool
class0_0717,0.1353330150,-0.7679666686,0,development_pool
class0_0731,1.5796882155,-0.3169864565,0,development_pool
class0_2655,1.9781522176,0.4618934339,0,development_pool
class0_0455,-1.7880099652,1.5632898416,0,test
class0_0791,-0.5800073126,1.1994540175,0,development_pool
class0_0693,-0.4358445209,0.0278175509,0,development_pool
class1_0171,0.4664221264,0.2903304489,1,development_pool
class1_2725,-0.1158080073,-2.7077386142,1,development_pool
class1_2373,-2.0355393844,-2.1485831421,1,development_pool
class1_0923,-3.1461656080,-0.8762712566,1,development_pool
class1_0479,-1.9886673396,0.8093138905,1,development_pool
class1_0714,0.7167736322,-1.0972154132,1,development_pool
class0_1093,1.4105638153,3.7861490904,0,development_pool
class0_0152,-0.6817357365,0.2638458127,0,development_pool
class0_1125,-0.0344917509,1.3933224630,0,development_pool
class0_2286,1.2975507459,0.8340603371,0,test
class1_2819,-0.2580449678,-0.6480988122,1,test
class0_2627,2.0915210907,-0.2059085124,0,development_pool
class0_2193,1.3895162660,0.7630813606,0,development_pool
class1_0030,-3.4697181861,-2.5431469594,1,development_pool
class0_2100,2.9108569017,3.7957242329,0,test
class1_0466,-0.4186529052,0.9030651041,1,development_pool
class0_1275,-2.0866700890,1.1487315425,0,development_pool
class1_2028,0.2119551151,0.8835948900,1,development_pool
class0_0273,3.4620802666,2.2275354454,0,development_pool
class0_2775,-0.0619971438,1.9954197418,0,development_pool
class1_0076,-1.6105648173,-2.9796166231,1,development_pool
class0_1718,-2.3444660589,-0.9671756714,0,development_pool
class1_1631,0.1697309899,2.4837761982,1,development_pool
class0_0991,2.4904421508,0.3531468802,0,development_pool
class0_1974,-0.3417121508,0.3216311319,0,development_pool
class0_0008,2.5719467855,1.7008546909,0,development_pool
class0_1219,-0.0151275320,1.2645792433,0,development_pool
class1_0226,-0.9926513235,0.5103374516,1,test
class0_2235,0.0980126579,0.6981259753,0,test
class1_0286,0.6493366427,-1.3969808822,1,development_pool
class1_2193,-0.0772258550,-0.2868847486,1,development_pool
class1_1546,-0.8922664264,-1.4306497523,1,test
class0_0516,2.0366484883,-0.5483108436,0,test
class0_2311,-0.4067720683,2.2674865969,0,development_pool
class1_2132,-0.9396036083,-1.1819118211,1,development_pool
class1_1330,-0.6626573166,-0.4669748105,1,development_pool
class1_2221,0.2215044951,-0.6175707834,1,test
class1_2589,-1.4715970594,-0.0255444364,1,development_pool
class0_1290,-1.1284566393,1.5959864998,0,development_pool
class0_1709,-0.4585538913,-0.1366276312,0,development_pool
class1_2138,-0.2206798454,0.6638181391,1,development_pool
class1_1242,-1.2883141583,-3.3407564166,1,development_pool
class1_0001,1.0456272996,0.0681934549,1,development_pool
class1_1004,-1.7568580367,0.5638518189,1,development_pool
class0_0241,1.3615117252,-0.1188051600,0,development_pool
class0_2498,1.1615665124,1.0857102128,0,development_pool
class1_1955,-2.6026299763,-0.4120254590,1,test
class1_1579,-1.2412073235,-0.3523311390,1,test
class1_0788,1.2809403748,-0.8867347234,1,development_pool
class0_0441,-1.4860494044,-2.3084677710,0,test
class1_1790,0.7888241220,0.2641602797,1,development_pool
class0_1470,2.3593580539,1.7513444309,0,development_pool
class0_1336,0.7101799464,1.6118516270,0,development_pool
class0_0435,-1.6818476927,1.4323477877,0,development_pool
class0_2596,1.1347879186,1.0708175630,0,test
class1_0641,-0.8245269512,1.2949155268,1,development_pool
class0_2478,1.2660639096,-0.8862284284,0,development_pool
class0_1440,0.3679060725,0.0776972051,0,development_pool
class1_1285,0.4110945901,-2.2570143792,1,development_pool
class0_0739,0.2897730548,0.9397099222,0,test
class1_1012,1.9554058654,0.4826021762,1,development_pool
class0_0523,-0.0207114081,1.3482486806,0,development_pool
class1_0753,1.8696686486,-1.6034925826,1,test
class0_1201,1.0477355038,1.3216652210,0,development_pool
class0_1427,1.3773342236,1.7189955332,0,development_pool
class1_1516,-0.3030338342,-0.6741521750,1,development_pool
class0_1411,0.1099154687,1.4192285676,0,development_pool
class1_2412,0.7046624965,1.2810886447,1,test
class0_1037,0.2630519345,0.5687321140,0,development_pool
class1_2511,0.2317048731,-2.2840578308,1,development_pool
class1_2053,0.7373094975,-0.1089590666,1,development_pool
class0_1414,-0.6348772459,-0.7309334441,0,development_pool
class1_2462,-1.9042899423,-2.3066482503,1,test
class1_1713,-1.3421110224,-1.3063179235,1,development_pool
class1_0341,-0.4085430630,0.0067188738,1,test
class0_2997,1.0452216207,1.8489323074,0,development_pool
class0_2414,-0.1982925405,1.0379552999,0,development_pool
class0_2017,3.7912211967,-0.6070605500,0,development_pool
class1_0930,1.7819442499,2.6256076774,1,development_pool
class1_1513,-1.0829599174,-0.0067831379,1,development_pool
class1_2267,-0.7192741216,0.5442390490,1,development_pool
class0_1907,1.2368904241,1.3882007212,0,development_pool
class1_1654,-1.5763625926,-0.9987578647,1,development_pool
class1_0637,-1.1836132184,-1.5334315299,1,development_pool
class0_1665,0.8895218001,2.1827129941,0,development_pool
class1_2211,-1.8100069186,-1.1941595663,1,development_pool
class0_1577,3.5481470879,2.9674752547,0,development_pool
class0_2845,1.8333931717,1.5727272414,0,development_pool
class1_2148,-0.3876805140,-0.8079713424,1,development_pool
class0_1791,-2.5469859453,-0.4844843392,0,test
class1_1413,-0.2800103180,-2.3965156818,1,development_pool
class0_0511,0.4483808171,-0.4403914073,0,development_pool
class0_0656,-0.1096963938,1.1571817093,0,development_pool
class1_1344,-0.5054499124,1.6326521379,1,development_pool
class0_0967,1.0234995011,0.8593650164,0,test
class0_0207,0.9657042805,2.9450727017,0,development_pool
class1_2333,-1.1369186966,-1.1488073049,1,development_pool
class1_1282,-1.5418901421,-1.2188957702,1,development_pool
class1_2039,0.9583880977,-0.7121304203,1,development_pool
class0_1828,0.0762394986,0.6403632195,0,test
class1_1554,-1.5671132485,-0.8729532675,1,development_pool
class1_1706,0.2359605487,-1.1696637129,1,development_pool
class0_2567,-0.2238312635,0.4788604080,0,development_pool
class1_0976,0.0854274353,1.6003406453,1,development_pool
class0_1223,0.7730674448,1.1812600835,0,test
class1_0705,0.3647730074,2.1928033771,1,development_pool
class0_0785,2.3921635986,1.5725587151,0,development_pool
class1_0994,-0.4365827626,-0.9820347555,1,test
class0_0653,0.6869723783,-0.7049282340,0,development_pool
class0_0853,0.2980892606,-0.0756654908,0,test
class0_2364,0.6785784459,-0.0781654435,0,development_pool
class1_2746,0.1322613883,0.4118414314,1,development_pool
class1_1978,-1.2810200588,-0.2011533258,1,development_pool
class1_1848,0.3362861870,-0.8984002512,1,development_pool
class0_2196,-0.6235728378,0.6466499017,0,test
class1_2991,0.9815214704,0.5407600022,1,development_pool
class0_0882,1.6693147488,-0.8124400155,0,test
class1_0064,-2.7720981485,-0.4512552743,1,development_pool
class1_2761,0.5042445628,-4.0018332865,1,test
class0_2131,-0.2242870292,-0.6685867487,0,development_pool
class0_2117,0.6887393903,1.4702814905,0,development_pool
class0_2292,-0.1016368084,1.1129350747,0,development_pool
class0_2663,0.3189000042,0.3046747635,0,test
class0_1297,0.4956816095,0.5855700437,0,development_pool
class1_1041,-0.7200296598,1.0431852511,1,test
class0_0351,0.1833395467,1.8084576514,0,development_pool
class1_1530,0.0140918708,1.7982445202,1,development_pool
class0_1647,-0.9732675966,-0.4496038714,0,development_pool
class0_0923,1.1443806520,-0.4476868304,0,development_pool
class0_1865,3.4322103296,-0.1559443139,0,development_pool
class1_1613,0.7774806924,1.0576850134,1,development_pool
class0_2799,0.3258815372,-0.1027365284,0,development_pool
class0_2259,0.6295062098,1.1625122532,0,development_pool
class1_2416,-2.0825975340,-1.6417485578,1,development_pool
class0_1441,4.2660598629,0.9806853135,0,development_pool
class1_2919,-0.7449524928,-0.2127200307,1,development_pool
class1_1264,-0.3568339871,-0.0285921747,1,development_pool
class0_1152,0.6704628862,1.0580713790,0,development_pool
class0_1447,-0.3956307716,-0.0619399402,0,development_pool
class1_2550,-0.8788669228,-1.1866438215,1,development_pool
class1_0576,-1.7253686365,-0.5773020721,1,development_pool
class1_1141,-1.2642428925,0.8651000846,1,development_pool
class0_1841,1.8669216291,1.2572677977,0,development_pool
class1_2780,0.2522416911,-1.4767574958,1,development_pool
class0_1899,0.4916152602,0.8201888700,0,test
class0_0487,0.2080158661,-0.8030248552,0,development_pool
class1_0204,-0.6593431067,-0.1845914712,1,development_pool
class1_0480,-3.1053049910,-2.9547918928,1,test
class1_2202,-1.6479771915,-1.6257673018,1,development_pool
class0_2639,2.8731661395,0.9168916149,0,development_pool
class1_2183,-0.1038135788,0.8966518256,1,development_pool
class0_0174,2.9639901807,0.7835566772,0,development_pool
class0_0387,-0.8532920969,0.6533827777,0,development_pool
class1_2431,0.6775757943,-1.3936615521,1,test
class1_2220,-1.5228568158,-2.5442773733,1,development_pool
class0_1095,0.4513256099,1.3631084148,0,development_pool
class1_0739,1.4789911510,1.7817085197,1,development_pool
class1_1449,-1.2389860983,-0.7672688078,1,development_pool
class0_1376,-2.3838463149,0.0530653647,0,development_pool
class0_1606,0.2897458570,-1.5352672072,0,development_pool
class1_0265,0.1029658073,-1.1401534651,1,test
class0_0390,0.0898432115,1.0513842905,0,development_pool
class0_0245,-1.7834783098,-0.4176478714,0,development_pool
class1_1549,1.6504456385,-0.2543282394,1,development_pool
class0_0787,1.2723102402,-0.8292972547,0,development_pool
class0_2300,-0.9150060000,1.1147345762,0,development_pool
class1_2540,-0.5935643491,1.8268248492,1,development_pool
class1_0263,-1.7814811312,-1.3429770578,1,development_pool
class0_1136,0.5475707499,-0.2072404960,0,development_pool
class1_1145,1.5776403279,-1.3754887455,1,development_pool
class1_0372,2.1435805824,-0.1685320242,1,development_pool
class1_0918,-0.0677742142,-1.3453170279,1,development_pool
class0_1303,1.2352387709,0.9493733160,0,development_pool
class1_1668,-0.8382615742,-1.1284724423,1,development_pool
class1_2897,-2.0094147411,-1.9803046062,1,test
class1_0935,0.0345124565,1.1578031805,1,development_pool
class1_1759,-3.1752208525,-1.3308602592,1,development_pool
class0_0603,0.4222050785,0.4850894561,0,development_pool
class1_2199,-1.2146452758,1.1068927635,1,test
class0_1609,2.4778465478,1.6653749887,0,development_pool
class0_2295,1.7725110660,0.0996263393,0,development_pool
class0_2200,-1.2549119871,0.2056496986,0,development_pool
class0_2751,-0.5800801984,0.2459610265,0,development_pool
class1_1511,-1.9245546902,0.5666523770,1,development_pool
class0_2760,2.8400706055,0.5118334699,0,development_pool
class1_1339,-1.0420617794,-0.3516205347,1,development_pool
class1_2720,-0.8662793263,-0.8380359870,1,development_pool
class0_1081,1.3634798199,1.7453633806,0,development_pool
class1_1309,0.3576458831,1.4831528488,1,development_pool
class0_2982,1.5323685409,-0.5985637663,0,development_pool
class0_1104,-1.1834130041,-0.6324991731,0,test
class0_1567,0.9843875904,3.3003359338,0,development_pool
class1_1121,-0.6938841032,-0.7099218017,1,development_pool
class1_0662,-0.2576489594,0.1218369376,1,development_pool
class1_2839,-0.2330130764,-0.7986745913,1,development_pool
class1_0123,-0.3117202226,0.4594501103,1,development_pool
class0_0246,-0.6387962890,1.6539233123,0,development_pool
class1_1087,-0.1416213954,-1.3564428211,1,development_pool
class0_2361,-0.8567102432,-0.0542361862,0,development_pool
class1_1411,-1.9013515441,0.1787842190,1,development_pool
class1_2586,-1.6075637305,-1.0895526000,1,development_pool
class1_2272,1.6115633640,-2.7426433010,1,development_pool
class1_2786,-1.2467045659,-1.6387850141,1,development_pool
class1_0554,1.4513630574,1.2199732233,1,development_pool
class0_2321,-0.3718366957,-0.1725833983,0,test
class0_1542,3.2314950861,1.5007572617,0,development_pool
class0_2687,1.5925388594,1.4873929670,0,development_pool
class1_0777,1.8412955130,0.0532732858,1,development_pool
class0_0437,2.3747130887,1.2423611399,0,development_pool
class1_2122,-0.4454325665,0.3534254466,1,development_pool
class1_0606,-2.4533110431,-3.0385418903,1,test
class0_1188,-1.6820602728,0.5619450850,0,test
class0_2336,1.1447947917,-1.3824586942,0,development_pool
class0_2148,0.5382501313,-1.8276281389,0,development_pool
class1_0056,-0.5074708893,-2.4676007881,1,development_pool
class1_0139,-1.2213462007,-1.5056668224,1,development_pool
class1_2252,-1.2956756546,-1.1799728447,1,test
class1_1526,-0.0264159461,-1.7748890173,1,development_pool
class1_1843,-0.5285532468,1.0081323848,1,development_pool
class1_1535,-2.4765764945,-1.3536756575,1,development_pool
class0_2176,2.3949400999,2.4685166645,0,development_pool
class1_0214,-0.8899420539,1.4351539707,1,development_pool
class1_1466,-0.2893771059,-0.0155384331,1,development_pool
class1_0208,-0.3189932754,-1.3727134940,1,development_pool
class0_0992,0.4265490523,1.7625632749,0,development_pool
class1_2073,-1.5805761116,0.1513195194,1,test
class1_1324,1.7607167479,1.4190174626,1,development_pool
class1_2084,-2.0317348243,-1.8510032165,1,development_pool
class0_2085,0.1157331737,-0.9872510072,0,development_pool
class1_2146,1.5255526652,-0.6308985700,1,development_pool
class0_0752,1.2788254587,1.2735977717,0,test
class1_1158,-1.9153598555,-0.7238198298,1,test
class1_1768,-0.9157477032,-1.6403653563,1,development_pool
class0_2118,2.8964300686,1.0692190133,0,development_pool
class0_0848,-1.1217821409,1.8819937482,0,development_pool
class0_0379,-0.1111758990,0.1751709926,0,development_pool
class1_0978,-3.4088512376,-0.1564630920,1,development_pool
class0_0913,-0.0023256256,0.6823258847,0,development_pool
class1_2247,1.0620776446,0.0020542167,1,development_pool
class1_2731,-1.3971304241,-0.7193487282,1,development_pool
class0_0285,2.5470702235,2.0025078757,0,development_pool
class1_2137,-3.0956431515,-1.6398112032,1,test
class1_1305,2.4756896714,1.2847218701,1,development_pool
class1_1328,-0.3306311547,-2.1496975293,1,development_pool
class1_1259,-0.6182331110,1.3777996741,1,development_pool
class1_1795,0.8349746822,2.0720076356,1,development_pool
class0_2338,0.4651059854,-1.0262265496,0,development_pool
class1_1157,-0.0704859387,-1.3888108650,1,development_pool
class0_2308,0.6868564504,0.2071491762,0,development_pool
class0_0234,-0.6694126397,0.5041132586,0,test
class0_2790,1.7668456377,1.7911404539,0,development_pool
class1_2969,-0.8081214752,-1.6941095604,1,development_pool
class0_0053,0.3400326130,0.9659855088,0,development_pool
class0_0079,-1.6370585190,-0.9029997143,0,development_pool
class1_1887,1.0162157606,0.6870869980,1,development_pool
class1_0319,0.1535891459,-1.8792053444,1,development_pool
class1_2705,-1.3868195488,0.9837338262,1,development_pool
class1_0775,-2.5030992905,0.0991541644,1,test
class0_1862,3.4376912940,0.6702503230,0,development_pool
class1_2102,-1.0067649820,-0.9212949973,1,development_pool
class1_0779,-1.7343789268,-1.7583474896,1,development_pool
class1_2330,-0.2253145741,-2.0511516812,1,development_pool
class1_0237,1.2213833142,-2.4668418487,1,development_pool
class1_2698,0.8268111215,-0.2437657165,1,development_pool
class0_0553,0.2541931381,-1.3568221969,0,development_pool
class0_2989,-1.5511086236,-0.5858258550,0,development_pool
class1_2517,0.3147964196,1.8493759500,1,test
class0_0788,0.0851134394,0.0298978925,0,development_pool
class1_0241,0.4129881003,-2.7282760215,1,development_pool
class0_2854,-0.6552055775,-0.1923100467,0,test
class0_2598,2.5838473779,1.9197786403,0,development_pool
class0_2421,1.2063632762,1.3236293730,0,development_pool
class1_1541,-1.6418844964,0.8456211001,1,test
class1_1384,-1.6087146236,-1.3183037976,1,development_pool
class1_2548,-0.4109717619,0.5442288633,1,development_pool
class0_2441,-1.5070140954,0.6214449178,0,development_pool
class0_0228,1.6172032012,0.3888898912,0,development_pool
class0_2470,0.6522350341,-1.5167452037,0,development_pool
class1_0992,-1.8943101897,1.0325479348,1,development_pool
class1_0447,0.3321888482,1.0290581711,1,development_pool
class1_0416,-0.3381059722,-1.5011312784,1,development_pool
class0_1324,1.9402423764,-0.2372526865,0,test
class1_0485,-1.0846975791,0.1955609351,1,development_pool
class0_1151,0.2751293023,-1.2710595730,0,development_pool
class0_2056,0.0149297061,-1.1893690197,0,development_pool
class1_2006,-2.0341249449,-0.7151263425,1,development_pool
class1_2619,0.7154713073,0.7767724603,1,development_pool
class0_2746,0.0985867317,1.6812782530,0,development_pool
class1_2339,-1.6838518975,-1.4083591565,1,test
class1_2529,0.8202045637,-0.2271596848,1,development_pool
class1_0696,-1.7773904483,-1.6565418752,1,test
class1_0423,-3.1545432226,-2.4773493273,1,test
class0_0434,-0.0302648372,0.4878733939,0,development_pool
class0_0969,-0.1029921520,0.6215549942,0,test
class0_0278,0.4987605192,-0.1393165330,0,development_pool
class0_1252,1.2885432650,0.3400701943,0,development_pool
class0_1916,1.1013484844,0.2829142190,0,development_pool
class1_0344,0.7062365145,-0.7273750066,1,development_pool
class0_0213,-1.1723948302,0.9478800615,0,development_pool
class0_0383,-0.0456182928,-1.1349745263,0,test
class1_1899,-0.7418864586,-0.1603817178,1,development_pool
class1_0787,-1.0419992495,1.2566069322,1,development_pool
class0_1988,0.0141875959,0.3109780219,0,development_pool
class0_0135,0.8161916392,1.0187340706,0,test
class1_2980,-0.5353044987,1.1160793949,1,development_pool
class1_2551,-0.0839517622,-1.6197203988,1,development_pool
class0_2504,-0.8725067311,-0.1168492276,0,development_pool
class1_0667,-3.8286018828,-1.6668046983,1,development_pool
class1_0573,-1.1623485306,-0.4253167141,1,test
class1_1727,-0.0844381972,0.2717590671,1,development_pool
class1_2933,0.5385146811,-1.2106243999,1,development_pool
class1_2829,-2.7368902775,-1.0443379436,1,test
class0_2031,-0.4277377697,0.0049021050,0,development_pool
class0_1021,1.4760915577,0.8420339311,0,development_pool
class0_0312,-2.3276030928,-0.2432873198,0,test
class1_1974,2.1984339771,1.2471701477,1,development_pool
class0_2168,0.5512944591,-0.4488214944,0,test
class0_1749,-0.2364030019,-0.3109013971,0,development_pool
class1_1641,-1.6673718895,-1.5023921246,1,development_pool
class1_1333,-0.8576798552,0.4740544334,1,test
class1_0174,-1.0757293776,0.8959518101,1,test
class1_0443,-0.0398485878,-1.3022368959,1,test
class1_2402,-0.8092067521,-0.7411963386,1,development_pool
class1_2305,-1.0559488218,-2.0968786432,1,development_pool
class1_1155,0.3135809235,-0.0970560039,1,development_pool
class1_2362,-0.5800602883,-0.4696225391,1,development_pool
class0_1430,-0.7695407259,-0.4688304771,0,development_pool
class0_0070,0.6816532030,-1.2251935966,0,development_pool
class1_0003,-0.9452962537,0.3516178998,1,development_pool
class1_1819,-1.5871517920,0.7318051568,1,development_pool
class0_2226,1.3549834842,0.5841474844,0,test
class0_1170,1.0047818546,-0.0181832559,0,development_pool
class1_1882,-0.9399903922,-0.4361005442,1,development_pool
class1_1508,0.4596873814,-1.0537904501,1,test
class1_0191,-1.3380225955,-3.5663995931,1,development_pool
class1_2477,-1.5453300788,-1.0556489304,1,development_pool
class0_0774,1.2133845908,1.6809185916,0,test
class1_0350,1.2100109841,-0.0662716064,1,test
class0_2607,0.3569889085,0.9756090770,0,development_pool
class1_0287,-2.1691570109,-2.8969129897,1,development_pool
class0_1100,0.7306636697,1.4864721634,0,development_pool
class1_1825,-0.9653335282,-0.6322835796,1,development_pool
class1_2413,0.7735939595,0.3424375651,1,development_pool
class0_0659,1.7468815820,1.2740295033,0,development_pool
class0_0264,2.0067758882,2.0812687672,0,test
class1_0379,-1.2094683519,-0.4472431060,1,development_pool
class1_0731,0.0994184135,0.0497785863,1,test
class0_2516,0.7010950675,2.6443077002,0,development_pool
class1_2903,-0.1330924693,-1.0039906246,1,development_pool
class0_1242,-0.7964163973,-1.9841156760,0,test
class1_0609,-1.1436053018,1.2656979073,1,development_pool
class0_0851,-0.2115596406,0.5462858027,0,development_pool
class1_2767,1.3143753814,-1.1185940971,1,development_pool
class1_1529,-0.2368377533,-0.4149189706,1,development_pool
class0_2879,0.2155765963,-0.2978746763,0,development_pool
class0_0206,0.6960468689,-1.0462411679,0,development_pool
class1_2692,1.9569752585,-0.2442642381,1,development_pool
class0_2640,1.1748941994,1.2972247729,0,test
class0_2411,0.7925943762,0.5077691497,0,development_pool
class1_1844,2.4665287358,0.1061811570,1,test
class0_2307,-0.4710657635,-1.2648325239,0,test
class0_2219,-0.4021128557,-0.8243373225,0,test
class0_1530,1.9469521386,1.3339662157,0,development_pool
class1_1635,-1.8593571375,-2.5316922705,1,development_pool
class1_0312,-0.8163085703,-0.8769782587,1,development_pool
class1_0228,1.7071354758,0.1512952250,1,development_pool
class0_0994,-0.5877162444,0.2119437195,0,test
class0_1991,-2.0634551973,0.4781739555,0,development_pool
class1_1960,-0.3964862376,-0.2485970791,1,development_pool
class1_0161,-1.6641558739,-1.6760676148,1,development_pool
class1_1127,2.0779294997,0.4896669216,1,test
class0_1929,1.3661047507,2.2822190567,0,development_pool
class0_1611,0.9094977606,2.0830041999,0,development_pool
class1_2522,-1.1195577820,0.5458579222,1,test
class1_1629,1.1418340308,-0.5558817291,1,development_pool
class1_2779,0.6589612382,-2.4608426591,1,development_pool
class0_1833,0.3428125535,-1.6058684143,0,development_pool
class1_0603,1.0327184892,1.2756676611,1,development_pool
class0_0843,0.6985628592,2.5385078560,0,development_pool
class1_1681,-2.9459824911,-0.7557799698,1,development_pool
class0_1480,0.2795874034,-1.4342751365,0,development_pool
class1_1301,0.4548127604,-0.7258793011,1,development_pool
class0_1291,-0.1544516637,0.4484311698,0,development_pool
class0_2323,-1.3565999118,1.1473613474,0,test
class0_2477,-1.0004085852,0.5016412907,0,development_pool
class1_0702,-0.2531806673,-0.5383668154,1,development_pool
class0_2410,0.1211059378,-0.3119051623,0,test
class0_2105,2.1851187009,0.4406434058,0,test
class0_1719,0.9443194004,-1.0329228995,0,development_pool
class1_1747,-0.3935382706,0.2144519788,1,test
class0_2063,1.0566979674,-0.6404733720,0,test
class0_1654,-0.2848468487,0.2754360582,0,development_pool
class1_2648,2.1331823530,0.2278556237,1,development_pool
class1_2864,-2.0525737510,0.0482977370,1,development_pool
class0_1175,0.1457598239,-0.4615435465,0,development_pool
class0_2399,1.5487414773,-1.4712122603,0,development_pool
class1_2386,-2.8965409710,-0.4513830092,1,development_pool
class1_1920,1.3944042358,-0.4992748829,1,test
class1_0693,-0.5071265132,-0.0204791899,1,development_pool
class1_2904,0.6825201183,1.0156461719,1,development_pool
class0_2823,1.1286018981,-1.5715608055,0,test
class1_2140,-1.5517866515,0.2911998100,1,development_pool
class0_1184,2.3308196862,-0.3142078881,0,development_pool
class0_2274,0.6397742854,0.5508649906,0,development_pool
class1_0420,0.2482991354,-0.1514059701,1,development_pool
class1_0993,-0.0746900347,-1.3772082457,1,development_pool
class1_0663,-1.4983751289,-0.4021785920,1,development_pool
class0_2501,1.2532267909,0.5508006746,0,development_pool
class1_1615,1.1621857332,1.1924660258,1,development_pool
class1_1150,-1.1222736400,0.4775125057,1,development_pool
class0_1521,-0.2004926210,0.0426888444,0,development_pool
class0_0841,0.1357298425,0.0982461703,0,development_pool
class0_0064,1.8783576029,1.0010529326,0,development_pool
class0_2301,-0.0212888045,1.4310450819,0,development_pool
class0_1359,-0.7791063666,0.5922883499,0,test
class1_0348,-0.1577668771,-1.8301719804,1,development_pool
class1_1318,1.4597874973,-0.3492945124,1,test
class0_0270,-0.0077946604,-0.9015117017,0,test
class0_1776,2.2186407453,-0.2102766322,0,development_pool
class0_2864,2.7735705461,2.4163476335,0,development_pool
class0_0807,-0.2774990624,-0.3980839295,0,development_pool
class0_1311,-0.7795542696,0.4428470942,0,development_pool
class0_2807,-0.5574683692,-0.4131480930,0,test
class0_1446,2.0163214093,-1.2843379884,0,development_pool
class0_1703,2.0478668129,-1.8750719537,0,development_pool
class0_1005,-0.8516540607,0.6008233508,0,development_pool
class1_1312,-1.1529901236,0.6912857931,1,development_pool
class0_1741,2.8030549937,-1.2297076419,0,development_pool
class1_0887,-0.5684963871,0.1195703532,1,development_pool
class0_2424,2.9765560451,2.1563093522,0,test
class1_2437,-1.6256710875,-0.6810694683,1,test
class1_0809,-1.8124879309,0.5036030658,1,test
class0_1728,1.6888937525,4.8693443369,0,development_pool
class1_2788,-0.1937851289,0.3154073774,1,test
class0_0989,-1.3003778042,0.1675238790,0,development_pool
class0_0696,0.5885881785,-0.4613239577,0,development_pool
class1_2051,-1.9890058038,-1.6780229936,1,development_pool
class1_1367,0.6787772761,-2.2343809423,1,test
class1_0551,-0.1925836329,-0.3899615109,1,development_pool
class0_0029,1.5356665241,1.0566367713,0,development_pool
class0_2000,-1.3384020643,-0.7796887533,0,test
class0_2821,0.1873722501,-0.6794731277,0,test
class0_1645,1.3186346247,0.8724067200,0,development_pool
class0_0745,0.9693712230,2.9253581053,0,development_pool
class1_1182,1.0933720664,0.4180764143,1,development_pool
class0_1552,-1.8941263487,-0.2355436011,0,development_pool
class0_2455,0.8838086595,-0.3920062310,0,test
class0_0365,1.6149332416,0.4091887457,0,development_pool
class0_1932,0.6736939215,0.3396729986,0,development_pool
class0_2158,0.1091183368,1.6674898895,0,test
class0_2847,0.9964961622,-0.6257533675,0,development_pool
class1_0692,0.4132019670,-0.8199387499,1,development_pool
class1_1046,-0.1588679141,1.1519331821,1,development_pool
class1_2600,-0.9262218488,-0.9918021396,1,test
class0_1603,1.9278448242,0.8790484655,0,test
class1_1712,-0.8661343119,-0.6882170631,1,development_pool
class1_2065,0.2329710771,-1.5482007266,1,development_pool
class1_2808,-0.1761936573,-0.1272561794,1,development_pool
class0_0055,0.3133318043,0.1980006875,0,development_pool
class1_2941,-0.3208332618,-0.8373034231,1,development_pool
class1_1238,-0.5064845298,-1.4007234265,1,development_pool
class1_2816,-1.6611375798,-2.1733917769,1,development_pool
class0_1910,1.7944182100,-0.0398740434,0,development_pool
class0_0998,-0.6623478548,0.9955217656,0,development_pool
class0_1087,0.6858827679,0.9209852386,0,development_pool
class1_1441,1.8333584351,1.2582089896,1,development_pool
class0_2051,2.5265200026,1.3199508441,0,development_pool
class1_2929,-1.0711194663,0.5213877723,1,test
class1_1101,2.1817247305,4.0978173479,1,test
class1_0735,-0.5815589492,0.3810272813,1,development_pool
class1_0716,0.5644798742,-1.6398315529,1,development_pool
class0_2562,0.7983380928,0.6904624108,0,development_pool
class0_1857,1.8853126865,-1.4184902512,0,development_pool
class1_2915,0.1807351557,0.3713148652,1,test
class1_0761,-0.2064414972,-2.6632229991,1,development_pool
class0_0878,-1.0490007018,1.0790619657,0,development_pool
class0_1889,3.1887250624,1.2856280623,0,development_pool
class0_1452,0.7853546126,1.2958273508,0,test
class0_1298,1.4355407868,-2.0453252018,0,test
class0_1653,-1.3664652890,0.2778035394,0,development_pool
class0_2956,0.0873756533,-0.0469411693,0,development_pool
class0_1642,1.8630306960,3.2208299435,0,development_pool
class1_1310,-2.3854514681,0.0692366627,1,development_pool
class1_1590,0.8288138354,0.1190710626,1,development_pool
class0_2002,0.1168098027,0.8490055861,0,development_pool
class1_0557,-1.0117434081,-2.4815385667,1,development_pool
class0_1016,0.4884019167,-1.0198093706,0,development_pool
class1_1067,-2.1862580039,0.6527336620,1,test
class1_1027,0.2808470507,-0.4769504374,1,development_pool
class1_1889,-1.0079438988,-0.7509961993,1,development_pool
class0_0675,1.9708375233,1.6226324600,0,development_pool
class1_1369,-0.5111695412,-0.8818499069,1,development_pool
class0_1159,0.1822334215,-0.7740111032,0,development_pool
class0_0125,-1.4885544356,-0.8611594668,0,development_pool
class0_0849,1.9739766169,0.9240186234,0,test
class1_2534,-0.5684045899,0.1337237620,1,development_pool
class1_1149,-2.6650023442,-2.0805486160,1,test
class1_0168,-0.4564586176,-0.3261801515,1,development_pool
class1_1835,0.1692688423,0.5856545044,1,development_pool
class1_2547,-0.5679847268,-0.3148034362,1,development_pool
class1_0487,-3.2155647713,-1.4122105373,1,development_pool
class0_1490,-0.1703623058,0.1391826871,0,development_pool
class0_1215,-0.3078801432,-0.8254303640,0,development_pool
class0_0876,2.5394313624,3.5895912918,0,test
class0_2082,2.1772979113,-0.6675784328,0,development_pool
class1_0148,0.1040620968,1.1555431004,1,test
class0_0563,-0.1616538900,-1.9375645364,0,development_pool
class0_2980,-0.6681001173,2.5136621158,0,development_pool
class1_2714,3.1078698790,2.1935019406,1,test
class1_2147,0.4695598322,0.1995865033,1,development_pool
class0_2246,0.8666004386,-0.6168590077,0,development_pool
class1_1786,0.2913071141,-0.5779284299,1,development_pool
class0_0022,0.8429475136,0.3764796743,0,test
class0_1115,1.4903385286,3.0511720254,0,development_pool
class0_0307,1.1061985075,-0.6374016271,0,development_pool
class0_1448,-3.0234366194,3.0590646807,0,test
class0_0949,-0.4927912713,1.9838222758,0,test
class0_0879,-0.1076983403,1.3684885606,0,development_pool
class0_1078,2.1729287592,1.2180657718,0,development_pool
class1_2096,0.4991938554,0.0873743222,1,development_pool
class0_1146,-1.9078852538,-0.3914448822,0,development_pool
class1_0839,2.4929168267,-3.0858602284,1,development_pool
class0_2461,-1.3147958594,-0.8419152412,0,development_pool
class1_1337,-1.3605822663,0.4885531135,1,development_pool
class1_0285,-1.7055313012,0.2911673313,1,development_pool
class0_1132,0.1572686874,-1.5020005382,0,development_pool
class0_2773,2.1409805546,-0.4479845244,0,test
class0_2644,0.5983826782,2.7105164909,0,development_pool
class0_2142,-1.3536466599,0.1538757961,0,test
class1_1724,0.6872720649,-0.1689561773,1,test
class1_2971,-2.0465189793,-0.8216146902,1,development_pool
class1_2320,-0.0415684682,-0.0848984988,1,development_pool
class1_0818,-1.9333861279,-2.5806127878,1,development_pool
class0_2462,-1.1526734582,1.0381760682,0,test
class0_1947,2.7368222985,-0.2190419022,0,development_pool
class0_0514,0.3709708691,0.5569226009,0,development_pool
class0_2906,-1.6635278665,0.5703196971,0,development_pool
class1_0642,-2.3356604381,-2.3963021039,1,development_pool
class1_1042,-0.6005491846,0.6040974544,1,development_pool
class0_2128,-0.5238987379,1.0802033052,0,test
class0_0328,-1.9871738670,-1.8954330635,0,development_pool
class1_2111,-1.5948232351,-1.9024452966,1,test
class1_2173,-0.5641198029,-1.6073686569,1,development_pool
class1_0489,-1.5808538239,-0.0281962309,1,development_pool
class1_2336,-1.1930892707,-1.2862802205,1,development_pool
class1_2616,-0.3310626821,-1.2437860304,1,development_pool
class1_1161,2.4325870657,0.3815308656,1,development_pool
class1_1815,-1.2613872499,1.8991745759,1,development_pool
class0_1622,1.2628846552,2.9030598409,0,development_pool
class1_1616,-0.9561347530,0.0562305327,1,development_pool
class1_0822,-0.0861089304,-0.0741369297,1,development_pool
class1_2778,-1.3019792187,-0.5141596923,1,development_pool
class1_0881,-2.2992784644,-1.1942911401,1,development_pool
class1_1954,-2.9029727655,0.6951979742,1,development_pool
class0_1487,0.2587602539,3.3374349937,0,development_pool
class1_2701,0.2058990793,-0.9039341882,1,development_pool
class1_2867,-1.2391358884,-1.5375205003,1,development_pool
class0_0838,-0.7828115748,-1.2821482986,0,development_pool
class0_0221,0.1609687662,0.1103182803,0,test
class1_1644,-1.2098804669,-0.6028620431,1,development_pool
class1_1317,-2.8257129107,-1.0495826418,1,test
class1_1140,-0.5597149303,1.1995809158,1,development_pool
class1_1746,-0.6637147406,-0.7334967882,1,development_pool
class0_0140,0.7322425565,0.1353172991,0,test
class1_2287,0.3272684038,0.9656653625,1,development_pool
class1_1299,-0.8979922985,0.7257432029,1,development_pool
class0_0073,-0.3521438588,0.8590509261,0,test
class0_1685,0.0185473407,0.2215926541,0,development_pool
class0_1354,0.3440321149,0.3810625504,0,test
class0_0610,-0.3691455719,2.9541051669,0,development_pool
class0_1147,1.0451400390,-0.2070198327,0,test
class0_2844,-0.3052403670,-1.0762313251,0,development_pool
class1_2621,-1.1766258104,0.5861358762,1,development_pool
class1_2603,-1.7594682190,-1.8315004128,1,development_pool
class1_0518,-2.9710314045,-1.0749173733,1,development_pool
class1_1810,-0.9725153554,-1.9761947907,1,development_pool
class0_2367,1.1257377937,1.8591374085,0,test
class1_2248,0.3714048606,-0.0323278318,1,development_pool
class1_0108,1.6191462352,-0.9236689058,1,development_pool
class0_0744,3.2094965223,0.4816632404,0,development_pool
class0_2532,1.8568247214,-0.2207437989,0,development_pool
class1_0302,-1.6924481891,-1.0391271258,1,development_pool
class1_0793,-0.4911554287,-1.7659183098,1,development_pool
class0_1092,-0.3922692803,1.7345384315,0,development_pool
class0_2684,-0.5580848154,-1.0284603049,0,development_pool
class0_2901,0.4044527982,0.0353827758,0,development_pool
class1_1336,-2.7792428229,-0.3475846721,1,development_pool
class0_2484,0.5242897016,2.2582164720,0,development_pool
class1_1139,-3.4389846262,-2.2282943088,1,development_pool
class1_0939,-0.1912870900,0.3154112544,1,test
class0_0106,-0.9211996551,0.8380110701,0,development_pool
class0_1066,0.0688303923,0.0992203877,0,development_pool
class1_1174,-0.3877193286,0.1019309097,1,development_pool
class1_0893,-0.7297185222,-0.6372442584,1,development_pool
class0_2488,2.9606648647,0.8323291058,0,test
class1_2043,-1.2044227212,-0.9322701761,1,development_pool
class0_2366,1.6665867394,1.5893127369,0,test
class1_0195,-1.8840674076,-0.7144903163,1,development_pool
class1_1984,-0.0304358954,-0.0462463435,1,test
class0_0183,0.1560559630,-0.4655121193,0,development_pool
class0_2930,1.2746440137,0.2964259771,0,test
class0_2078,-0.2711651658,-0.6075431806,0,test
class1_0190,-1.4159894967,-1.3040571049,1,development_pool
class1_1645,-1.2097968796,0.1716197205,1,test
class1_2661,-1.3960078666,-0.3259786499,1,development_pool
class1_1180,0.4944379910,-0.4237732740,1,development_pool
class1_2747,-1.7202791263,0.2904444781,1,development_pool
class0_1438,1.2341028357,-0.1751726540,0,development_pool
class1_1807,1.4246334248,-1.4773776778,1,development_pool
class0_0930,0.0244767464,0.4277656049,0,development_pool
class1_2584,-0.0408210859,1.4514030438,1,development_pool
class1_0094,-1.7994605673,0.0086351827,1,development_pool
class0_0650,-0.0028566716,0.4955154268,0,development_pool
class1_0921,-0.0934091069,-0.7872581709,1,test
class0_0963,-0.7554953452,-2.1797998300,0,test
class0_2010,1.0593614816,0.9228911132,0,development_pool
class1_2326,-0.4738217389,-0.1098726525,1,development_pool
class0_0728,1.3273914129,-1.4003705243,0,development_pool
class0_0971,0.5111272741,-0.0956120776,0,development_pool
class1_0326,-0.4772211254,-1.0108829225,1,development_pool
class1_1426,-1.6888753539,-2.8574289961,1,development_pool
class0_2797,0.9187742298,1.5115785627,0,development_pool
class0_1302,2.0242695181,0.1812458548,0,test
class0_0464,0.7380527594,1.3224268834,0,development_pool
class0_1842,-0.6216703710,1.2826209844,0,development_pool
class1_0225,1.3769476394,1.8974272957,1,development_pool
class1_0736,-1.1624960977,-1.6364786649,1,development_pool
class1_2265,-1.5963748261,-1.5486486178,1,development_pool
class1_1164,-0.1595951985,-0.5366848177,1,test
class1_2164,-1.0173566288,-0.2456848434,1,development_pool
class1_1862,-0.6163634300,-0.5792137443,1,development_pool
class0_1350,-1.1195347330,0.9392399129,0,development_pool
class0_1500,0.3032355564,0.0627092723,0,development_pool
class1_2944,-0.1145279424,-0.6565679945,1,test
class1_0516,1.2060953069,0.3821138393,1,development_pool
class0_0378,-0.6383555106,3.4397132486,0,development_pool
class0_2695,3.4494642838,0.0753711817,0,development_pool
class1_1818,0.6543427884,-1.5249375856,1,test
class1_0821,1.3929882100,1.5314787806,1,development_pool
class1_2541,-2.6838212714,-0.0029143883,1,development_pool
class0_1539,-0.6637600790,0.1930059379,0,development_pool
class1_0422,-1.6159651295,-2.9341490921,1,development_pool
class0_0817,0.3127207586,1.9083291961,0,development_pool
class0_0520,-0.5240125491,1.0981451661,0,development_pool
class1_2217,-0.7622599782,-0.8364027102,1,test
class0_1806,0.3814499170,0.5539876099,0,development_pool
class0_2973,-0.6132970579,0.6781154740,0,development_pool
class1_2544,-0.6763372776,-0.7426805204,1,development_pool
class0_0968,-0.8444485573,-3.1728401780,0,development_pool
class1_0498,0.3291992727,-0.1322539973,1,development_pool
class0_2970,-2.4092098049,1.0478134429,0,development_pool
class1_0008,-0.2872547502,-1.6215898135,1,development_pool
class0_0482,-0.2356283005,0.8627555977,0,development_pool
class1_1726,-0.6574407160,-0.0132819032,1,development_pool
class0_0863,0.5462369429,2.2286332030,0,development_pool
class1_2367,0.4084618139,-0.4253715625,1,development_pool
class0_2739,0.6892269550,0.6585616883,0,test
class0_0290,1.0167620038,2.7886581484,0,development_pool
class0_2505,1.3061832751,1.0869265037,0,development_pool
class0_1706,1.4525199495,0.8280773123,0,test
class0_2263,-1.5059334875,0.2667977116,0,development_pool
class0_2524,2.4850986855,2.4509624210,0,development_pool
class0_0957,-0.4932608853,0.2826440389,0,test
class0_0349,1.1597114580,-0.7785053603,0,development_pool
class0_1767,1.5578895714,-0.3616426214,0,development_pool
class0_2294,-1.1808829776,0.2426937939,0,development_pool
class1_1789,0.4442112999,1.6110481526,1,development_pool
class0_2788,2.9457869778,-0.0865089256,0,development_pool
class0_1850,-0.2127243042,-0.5577617302,0,development_pool
class0_1573,-0.2741753036,0.4540140203,0,development_pool
class1_0952,0.0404123625,-1.7781443748,1,development_pool
class1_2748,-1.6532444904,-1.7423277066,1,development_pool
class1_0299,0.4492374675,-0.4923992579,1,development_pool
class0_0560,-0.5046127025,1.1230540888,0,development_pool
class1_0877,-0.7069843310,-1.8299342933,1,development_pool
class0_2383,1.2500985333,1.6366969262,0,development_pool
class1_2789,-0.3531299087,0.3727037357,1,test
class0_2223,2.9271081974,1.7476216852,0,development_pool
class0_1979,0.7736920075,0.4026572254,0,test
class0_2144,0.7903152644,1.0779827762,0,development_pool
class0_0356,0.3747249076,0.2248975989,0,development_pool
class1_0198,-0.2703739895,0.9833334901,1,development_pool
class0_1204,1.0901830467,2.3755989812,0,development_pool
class1_2999,-1.0800374699,0.2182083209,1,development_pool
class1_2537,0.5011861183,0.6146172029,1,test
class1_1173,1.1303708020,1.6452867784,1,development_pool
class0_2107,1.1833350019,-1.6971371388,0,development_pool
class0_1708,1.1357705842,0.9079997776,0,development_pool
class1_2823,-1.5396795276,-0.4277635044,1,development_pool
class0_1374,1.1626335863,-0.6205097645,0,development_pool
class1_2356,-3.2535327904,0.0245789922,1,development_pool
class0_1263,-0.7483861188,-0.0006092593,0,development_pool
class0_0737,0.6157624210,0.6385172744,0,development_pool
class0_2675,2.3699533164,2.4226717248,0,development_pool
class0_0779,0.2554372637,-0.9888422163,0,development_pool
class0_0925,-0.7506111841,-0.0888045245,0,test
class1_2149,0.5151472081,2.9544859044,1,test
class0_1737,1.2719643947,-0.3711179089,0,development_pool
class1_2224,-0.4197961758,-2.0479072296,1,test
class0_0826,-0.3022490521,0.2024724313,0,development_pool
class0_2111,2.1148494830,3.4235683184,0,development_pool
class1_2194,0.9854758865,0.3473271558,1,test
class0_1033,0.6996580864,-0.2031477440,0,development_pool
class0_1652,1.0890361161,-0.5000531083,0,development_pool
class0_2299,-0.2369148143,1.7635180152,0,development_pool
class1_2406,0.0012991419,0.3518881130,1,development_pool
class1_2233,0.3031682897,-0.7948661804,1,development_pool
class1_0432,-2.5330244152,-2.1352677883,1,test
class1_2582,-0.4848650894,3.1706336022,1,development_pool
class0_1777,-1.7743613045,2.1165253744,0,development_pool
class0_0113,0.1042163735,1.7912113843,0,test
class1_1391,-0.5434945079,0.9374349001,1,development_pool
class1_2675,-2.0086814155,-1.6182320527,1,test
class1_0759,-1.9998237248,-2.3830018047,1,development_pool
class1_2397,-0.8938103810,-0.2099658295,1,test
class1_1038,1.3466961970,1.5853213000,1,test
class1_2128,0.5004528005,-1.5936035037,1,development_pool
class0_0198,-0.2554932462,-0.9823370410,0,development_pool
class1_0493,1.1197156698,0.2598874930,1,development_pool
class0_1310,-1.0614894041,1.1938608394,0,test
class0_0680,1.7609887215,2.0450486877,0,development_pool
class0_2088,0.2856599747,1.0470972492,0,test
class0_2179,0.5356383109,0.0335940527,0,development_pool
class0_1547,0.2645829180,0.9146398915,0,test
class0_1731,-2.5783374759,0.3609295313,0,test
class0_0918,0.8009896819,1.3610285350,0,development_pool
class0_0111,-0.2495005241,-3.1422553217,0,development_pool
class0_0039,0.6490299980,0.1858098025,0,development_pool
class0_1940,2.1060857609,1.8020090833,0,development_pool
class1_2491,1.4901451595,1.9543949905,1,development_pool
class1_0039,1.4063473040,0.0191562719,1,development_pool
class0_0664,1.5027415401,1.2795220586,0,development_pool
class1_1930,-2.6183164858,0.5638698411,1,development_pool
class1_0488,-1.7988684518,-1.7610188077,1,development_pool
class0_0908,1.4450650701,0.0644360112,0,test
class0_0689,0.3292314252,1.9402448395,0,test
class0_0868,0.9930972920,-1.5108803355,0,development_pool
class1_0937,-2.5194982897,-3.9168592936,1,development_pool
class1_0436,-1.4044408130,-0.3717053367,1,test
class0_2404,0.6958112375,1.7063970518,0,development_pool
class1_0815,0.7178958592,1.3297621158,1,development_pool
class0_0229,1.4034331697,-0.2003573399,0,development_pool
class0_1467,0.6036352911,2.0835805522,0,test
class1_0360,-2.8210817924,-1.4890333668,1,development_pool
class1_1812,-1.3636676770,0.0180232132,1,development_pool
class0_1697,0.6287871453,0.5115664951,0,development_pool
class0_1968,0.1422122344,0.7437826065,0,development_pool
class0_1358,1.7778907943,-1.4754562819,0,development_pool
class1_2884,0.4826696114,-1.1265308544,1,development_pool
class1_2042,-1.9732972218,0.4540636530,1,test
class0_1321,-1.0475610907,-1.3853563394,0,development_pool
class1_1120,-1.2855481067,-2.7803543797,1,development_pool
class0_1843,0.5866759392,-0.7309676487,0,development_pool
class1_1714,0.9021349713,-0.0466264917,1,development_pool
class1_2752,-2.0368688743,-0.0859949373,1,development_pool
class1_1918,-3.3712996594,-1.7374884071,1,development_pool
class1_0209,-0.4247345448,1.8616876035,1,test
class1_1787,2.0907990004,-2.1622007803,1,development_pool
class1_1514,-0.9160056880,0.7442344082,1,test
class1_1109,-0.3233095453,-3.4951855944,1,development_pool
class1_2129,-0.9475675709,-1.3538180697,1,development_pool
class0_0392,-0.3336450358,0.6122703334,0,development_pool
class1_0155,-0.4573554117,-0.4127764995,1,development_pool
class1_0715,0.5140114024,-1.8980068494,1,development_pool
class1_0407,1.9264221159,-1.3375564654,1,development_pool
class0_1264,-0.3686010749,0.5715278215,0,development_pool
class0_1896,0.2633686652,-0.3755400747,0,test
class1_0238,0.7586625876,1.7129145701,1,test
class0_2218,0.4856932596,1.5637208836,0,development_pool
class0_2096,-0.0796333383,0.3286578240,0,development_pool
class1_0592,-0.4711725718,-1.9134742216,1,development_pool
class0_0033,-1.3213686858,0.7797093319,0,development_pool
class0_0188,-0.9483033687,-2.1370731015,0,development_pool
class0_1636,1.3807930387,0.0284075326,0,development_pool
class0_2377,1.0389820262,0.4086381159,0,development_pool
class1_0980,-0.2919288817,-0.8813286341,1,test
class1_1354,-1.0112075217,-0.3773691296,1,development_pool
class1_1097,-0.5033832842,-0.3622132468,1,test
class0_1362,0.3568764055,2.6522594785,0,development_pool
class1_0699,-1.9276882936,-1.7071173800,1,development_pool
class0_0840,-0.1127492187,-0.7814125319,0,development_pool
class0_2891,2.1994954221,1.1390853928,0,development_pool
class1_0888,-1.7405665738,-0.8072187397,1,test
class0_1199,2.1522150443,0.5968909714,0,development_pool
class0_1065,-0.7349745767,0.3776339653,0,development_pool
class1_1007,-0.3490021768,-0.4355280062,1,development_pool
class0_1405,0.0572566007,-0.7940875319,0,development_pool
class1_0100,0.0609805295,-0.4940092743,1,development_pool
class1_1476,0.2123895870,-1.6632848248,1,development_pool
class0_0334,-0.4230953320,1.9068805871,0,development_pool
class0_2181,0.8471132702,-0.4303705350,0,test
class0_0911,0.5649920799,0.6840505050,0,development_pool
class1_1347,-0.9105425767,-1.0957622061,1,development_pool
class1_1648,-1.5822226963,-3.1234475302,1,development_pool
class1_2792,-0.4461705669,0.2731517529,1,development_pool
class1_0467,-0.7272946336,-0.7422666907,1,test
class1_1100,-2.6549365703,-2.5315439675,1,development_pool
class0_2439,1.4365103830,2.1060976011,0,test
class0_0623,2.0640188168,0.1678987088,0,development_pool
class1_1697,-0.2689667116,-0.3173966862,1,development_pool
class0_0217,0.1997759228,1.3113876056,0,development_pool
class0_0336,0.9239009580,-2.2881813781,0,test
class1_2391,1.9460120671,-0.5808270325,1,development_pool
class0_1416,2.8325227917,1.4003462412,0,development_pool
class1_2886,0.7632374532,1.8896907577,1,development_pool
class0_1906,1.1173819506,1.7683398897,0,test
class0_0132,4.3684234450,2.7814489351,0,test
class0_0355,1.1610222046,3.7891611094,0,development_pool
class1_0673,0.7166143399,-0.8603273603,1,development_pool
class0_1969,0.3469805028,-1.7177493631,0,development_pool
class0_1847,-1.4747149443,0.1633529907,0,development_pool
class1_2667,-1.8339235275,-0.1292021891,1,development_pool
class1_1762,-3.0870875374,0.2774546874,1,test
class0_1967,-0.9313094751,0.2473890934,0,development_pool
class0_0150,-0.7588571196,0.2165596881,0,development_pool
class0_0601,0.7138177077,0.0485855039,0,development_pool
class1_1593,-0.2863945508,-0.3888154311,1,development_pool
class1_0345,1.7038149913,0.6268942366,1,test
class0_0086,1.9757914122,0.7119435533,0,development_pool
class0_1849,0.7847692511,1.3000425904,0,development_pool
class1_0439,-0.4545879162,-1.5908934478,1,development_pool
class1_0411,-3.8103420419,-0.9692817294,1,development_pool
class0_2440,0.3967392340,1.8960888632,0,development_pool
class1_0725,-1.4765764405,-1.8708090833,1,development_pool
class1_2842,-2.4121324965,-2.2913925559,1,test
class0_1256,-0.3810477739,0.4667712046,0,test
class1_1455,-1.5659944883,-0.5055931299,1,development_pool
class0_0856,-0.4570220919,-0.6435157892,0,development_pool
class1_2207,0.9244440593,0.1070063442,1,development_pool
class1_2981,-0.5460163257,-0.4878179984,1,development_pool
class1_0504,-3.0737828506,-0.9770214757,1,development_pool
class1_0045,-0.7194515682,-0.7819365932,1,development_pool
class0_2641,0.5976817906,1.6186843899,0,development_pool
class0_0192,2.9221524891,2.1076563118,0,development_pool
class0_1054,0.8599075896,1.8489001081,0,development_pool
class0_2917,0.9109745869,2.1821706074,0,development_pool
class1_0969,-0.2688569392,3.4782974837,1,test
class1_0418,0.0452618741,-1.7775886348,1,development_pool
class1_2466,-1.5474797298,1.3197380870,1,development_pool
class0_1909,0.9590123037,0.7673322443,0,development_pool
class0_2936,0.9415613044,1.2642931470,0,development_pool
class1_2891,0.0494988674,-0.8979957509,1,test
class0_2683,1.8403955136,-0.4794388902,0,development_pool
class0_2556,-1.0110138726,2.9229792213,0,development_pool
class0_1176,-0.9834746980,-0.0276131911,0,development_pool
class1_1939,-1.2447222416,-3.3529187248,1,development_pool
class1_1686,0.9672183529,0.8898977523,1,development_pool
class0_0934,-1.3523013847,0.3931827077,0,development_pool
class0_1861,-1.7637633850,0.8747802766,0,development_pool
class1_0724,-0.8615417833,-1.6112482525,1,test
class1_2284,-2.2314281806,-1.2145275020,1,development_pool
class1_1460,0.4874049349,1.7669202478,1,development_pool
class0_0632,0.7020418869,-0.7242595104,0,development_pool
class0_0092,1.1422163011,1.8896593528,0,development_pool
class1_2507,0.2283950218,-0.9748542311,1,test
class0_2734,0.0283277378,0.4147239581,0,development_pool
class1_1340,0.3412243090,-2.1447740024,1,development_pool
class0_0309,-0.1659574241,0.9583953950,0,development_pool
class0_1049,0.6941832794,-0.9663308059,0,development_pool
class0_0829,-0.6804227770,1.3607905479,0,test
class1_1209,-0.5105392860,-0.3665639919,1,development_pool
class1_1341,0.4870073747,0.6458638902,1,development_pool
class1_0820,-0.4456251191,-3.2781793297,1,development_pool
class1_1881,1.5107646163,0.1824205163,1,development_pool
class0_0421,0.0242124642,1.0696383262,0,development_pool
class1_1314,-0.9222282761,0.5664414537,1,development_pool
class0_0537,1.4209218585,-0.5666811485,0,development_pool
class1_1744,-1.2720348327,0.5795260516,1,development_pool
class0_2493,-1.3029400438,1.2312270205,0,test
class1_1525,-1.0112368966,0.3780755562,1,test
class1_2010,-1.2119072625,1.5681586784,1,development_pool
class1_0104,-0.2211019476,-0.0209655745,1,development_pool
class1_0172,-0.2358417476,-0.4915834592,1,development_pool
class0_1649,-0.3579795859,-1.8227525458,0,development_pool
class0_0727,-1.7436535950,2.2868565543,0,test
class1_0828,-1.2696796497,-1.7862747342,1,test
class0_2190,0.8213465000,-0.3816007958,0,development_pool
class1_2116,-0.4787566410,-2.3339657202,1,test
class0_1158,-0.4583108001,0.1948083687,0,development_pool
class0_2480,0.1591868179,0.9385710656,0,development_pool
class0_0486,0.9060098266,-0.1490708643,0,development_pool
class1_2277,1.8636791241,-0.4014126532,1,development_pool
class0_0157,-0.9132005587,0.3470831502,0,development_pool
class0_1103,1.0414308870,1.7732795457,0,development_pool
class1_0614,-0.4061978631,-0.4848981064,1,development_pool
class1_2085,0.8756597472,0.0807264353,1,development_pool
class0_2199,2.1013180614,0.6075857338,0,development_pool
class1_2505,-0.3860957869,-0.5078481245,1,development_pool
class1_1380,-1.7871940157,0.4772882486,1,test
class0_0845,0.4317964580,0.0307025974,0,development_pool
class1_1321,-1.4372950288,-2.6308319954,1,development_pool
class1_1462,0.6278956127,0.4359623889,1,development_pool
class0_0398,0.7098115917,2.3413489765,0,development_pool
class1_1710,-0.4086633094,-0.7957970202,1,test
class0_0599,0.0906731734,0.9465869303,0,development_pool
class1_0647,0.8515490887,-0.6639569447,1,development_pool
class0_2539,-0.3425485479,1.2642111088,0,development_pool
class1_1695,-2.1005936470,-0.8482884176,1,development_pool
class0_0712,1.4962735722,0.1961755460,0,test
class1_1327,-0.9272768782,-1.1406644114,1,development_pool
class0_0754,-0.9006273730,0.5793250923,0,development_pool
class1_1808,-0.3878860420,0.2423996041,1,development_pool
class1_1031,-0.7165322615,-0.4832198828,1,development_pool
class1_1558,-1.2191685404,0.1920604618,1,development_pool
class1_1221,-0.8291597284,1.3388092013,1,development_pool
class1_1914,1.5667473170,0.6360726247,1,test
class0_0550,-0.6376935799,-0.1009159412,0,development_pool
class1_1700,-0.4900244597,0.5013089388,1,development_pool
class0_2523,-1.1152209556,0.5440898206,0,development_pool
class1_0913,-2.3159760568,-0.5102442099,1,development_pool
class0_0117,0.9614942156,-0.0479607023,0,development_pool
class0_0445,-0.9191424735,0.7984537279,0,test
class0_0724,0.5472942012,1.4556854329,0,development_pool
class0_2372,0.1771823523,0.8197457517,0,development_pool
class0_0266,1.1811859062,-1.3928299060,0,development_pool
class0_2635,1.2063965844,2.3282241182,0,test
class0_1266,0.7682448970,-0.6668985784,0,test
class1_2602,0.2243752736,0.0368060203,1,development_pool
class0_1917,0.6193125877,-1.5851506874,0,test
class0_0609,0.9228213578,1.3550372554,0,development_pool
class1_1650,0.2000972106,-1.4467515018,1,development_pool
class1_2723,0.3548906936,1.2736460777,1,development_pool
class1_0073,-0.8899299214,-1.2309286476,1,development_pool
class1_1875,-0.7455324486,1.0396783865,1,development_pool
class0_2018,0.5267869651,2.0089051684,0,development_pool
class0_0071,-0.7282958646,1.2967209828,0,development_pool
class1_1544,-3.9741443885,-0.8880050028,1,test
class0_2001,1.3433520796,1.2950118424,0,development_pool
class0_1736,0.6493574487,0.5240610186,0,development_pool
class1_1250,0.3642347062,2.0128408693,1,development_pool
class0_2809,0.9122721570,0.4072157702,0,test
class1_1876,-0.1513317940,0.0708498440,1,development_pool
class1_2630,0.7596165078,-0.8875767665,1,development_pool
class0_1365,1.5802986741,0.8284661068,0,development_pool
class1_1823,-0.0675304901,-0.5210691077,1,development_pool
class0_2320,4.6077258520,0.2199053966,0,development_pool
class0_2749,1.1267351005,0.1171643424,0,test
class1_1636,-2.9090953877,-0.9285524672,1,development_pool
class1_1162,-3.4863143022,-0.9434240066,1,development_pool
class0_1938,0.2781880508,2.1246705598,0,development_pool
class1_2458,0.2731118143,0.2453379253,1,development_pool
class0_1604,0.5899452985,1.8760729231,0,development_pool
class0_0391,1.3657713209,-0.7029352642,0,development_pool
class1_2301,-1.1126582727,-2.1429429786,1,development_pool
class0_1008,-0.1367718472,-0.4370460102,0,test
class1_1123,1.2143263096,-0.8764731621,1,test
class0_1210,1.1568341976,-0.8981275872,0,development_pool
class0_0578,-1.8399533115,-0.2755514036,0,test
class0_2419,1.5321914795,0.3567173964,0,development_pool
class0_1503,1.0064669215,-1.0624522290,0,development_pool
class1_0477,1.4075800212,0.3720141262,1,development_pool
class1_2311,-0.4474464336,0.2464848737,1,development_pool
class0_2754,3.4583749645,-0.4638251948,0,development_pool
class1_2827,-2.0534932683,0.5469423354,1,development_pool
class0_2385,-1.0937096748,0.1405356434,0,development_pool
class1_1013,2.5835681151,2.3713447739,1,development_pool
class1_1244,-0.1329973936,-1.6583853424,1,development_pool
class0_1678,1.1916365038,0.9350414263,0,development_pool
class1_2432,-0.2339523323,-0.7425849496,1,development_pool
class0_1871,0.7742239435,1.5817872999,0,test
class1_0122,-2.4837169648,-1.0446216775,1,test
class1_1840,-0.7638707772,-0.7748125819,1,development_pool
class1_2972,-1.6028615127,-0.8908902277,1,test
class1_0059,-0.6318279621,-1.9284723517,1,test
class1_1559,-2.5950699626,-1.4653409385,1,development_pool
class0_1924,-0.1762908433,-0.8934736515,0,development_pool
class1_2773,-1.6806194706,0.3275327891,1,development_pool
class1_2785,-0.5169627393,-1.5643016604,1,development_pool
class0_0319,-0.3377200376,-0.2241363313,0,development_pool
class1_0031,-1.1064018355,0.0128082214,1,development_pool
class1_0734,0.0909254575,-0.4779956578,1,development_pool
class0_0194,-1.2774938692,1.6290574968,0,development_pool
class0_1693,-0.1123174160,-0.9859811078,0,test
class1_0856,0.2170067361,-1.8482972779,1,development_pool
class1_0465,0.3962538690,-1.2686038544,1,development_pool
class1_1026,1.4369872917,-0.3870585149,1,development_pool
class1_2732,1.2173504081,-1.1219209529,1,development_pool
class0_0167,0.9526126880,-0.0964417245,0,development_pool
class0_0433,1.3816547329,0.7810300589,0,development_pool
class1_2738,-1.1623771605,1.0435175877,1,development_pool
class1_1667,-0.6302119770,0.7202238618,1,development_pool
class1_2214,-0.0730171395,-0.8506997402,1,development_pool
class1_0550,1.4223794905,-0.7574706183,1,test
class1_1568,1.3566377781,0.5333787755,1,development_pool
class0_2795,-1.8184062246,0.5678534240,0,development_pool
class0_0681,0.0658069321,0.9632414643,0,development_pool
class0_0698,0.7035217044,0.9896272039,0,development_pool
class1_1503,0.5426539040,-1.2477605723,1,development_pool
class0_0765,1.8310152164,0.0965113471,0,development_pool
class0_1060,3.0788126148,2.7828736775,0,development_pool
class1_0230,0.0662432818,0.2586154254,1,development_pool
class0_2376,-0.3487690451,-0.7457975908,0,development_pool
class1_1575,-0.3334059391,0.3124110325,1,development_pool
class0_1519,0.6929300364,0.9570113749,0,development_pool
class1_1682,-0.5802408694,-0.3644078256,1,development_pool
class0_2882,2.5191340516,0.3428010003,0,development_pool
class0_2481,1.6000800308,0.0047023751,0,development_pool
class1_2213,0.0128047554,0.7981152122,1,test
class0_1020,1.8945822264,-0.8460583807,0,development_pool
class0_1982,-0.1423186428,1.0487626616,0,development_pool
class1_2961,-1.4172739627,-0.9384888860,1,development_pool
class0_0974,0.1649180326,0.1195842766,0,development_pool
class1_2759,-0.8142117551,0.4021011209,1,development_pool
class0_1682,3.2517609725,1.1519107300,0,development_pool
class1_1392,-0.7206689155,-2.5249576166,1,development_pool
class1_1699,-0.7361935988,-1.4722545151,1,development_pool
class1_1115,-0.8355130453,0.3033487272,1,development_pool
class1_2455,0.5550043847,-0.5246926827,1,development_pool
class0_2944,1.8456968041,0.5533831934,0,test
class0_1323,2.1415906237,0.9258427033,0,development_pool
class0_2711,1.3899229194,-0.4542488148,0,development_pool
class0_2324,1.8480276793,1.7945020828,0,development_pool
class1_2858,0.2391339088,-2.3500829066,1,development_pool
class0_2779,-0.3841447133,1.2407486283,0,development_pool
class1_0589,-0.8788378500,-2.3734836846,1,development_pool
class1_2849,1.0520449160,-0.8574738513,1,development_pool
class0_0134,0.0591414083,-2.1564240875,0,development_pool
class0_2934,1.6638637023,0.5829622243,0,development_pool
class0_1004,1.1317705178,-0.1340577464,0,development_pool
class0_1142,0.1271759057,-1.3928391991,0,development_pool
class1_0665,1.1719252782,0.4381568904,1,test
class0_1885,0.2976982463,-0.5588830316,0,development_pool
class0_1735,1.1005899294,0.7618537285,0,test
class0_1572,1.0609519797,0.1270662355,0,development_pool
class1_0596,-0.6758862400,-0.6240758422,1,test
class1_1837,1.7148063320,-0.7657329149,1,development_pool
class1_0806,2.1336224894,-3.5803684499,1,test
class0_0401,0.0095923521,-0.7898607032,0,development_pool
class0_2872,1.6159366626,-0.6546755136,0,test
class0_0405,0.0016449738,-1.3842746993,0,development_pool
class1_1678,1.1766238945,1.9241619034,1,development_pool
class0_2304,0.4484770579,1.2064269244,0,development_pool
class0_1781,0.8653459610,-0.3070277510,0,development_pool
class0_2605,1.4249422823,1.5215055939,0,development_pool
class0_1625,1.7218792232,-1.1563693289,0,development_pool
class1_0751,-2.2315171949,-2.0427565627,1,development_pool
class0_2947,3.0048914230,0.6496732519,0,development_pool
class0_1773,-1.0484103046,-0.5633080793,0,development_pool
class0_2038,0.8354211320,1.0106975744,0,development_pool
class1_0691,-1.6901110787,-1.0776008056,1,test
class0_1941,0.0778124618,0.3497520193,0,test
class1_1958,-1.3453713230,-0.8962428634,1,development_pool
class1_1313,-1.6331211146,-1.3059169203,1,development_pool
class1_0564,-1.0059444787,-0.0378479926,1,development_pool
class0_0644,1.8484889794,2.6354657591,0,development_pool
class1_0817,-1.9613657685,-0.8702128041,1,development_pool
class1_2546,-1.2212870872,-0.7103273984,1,development_pool
class1_1326,0.0979104263,0.9677400842,1,development_pool
class0_1623,0.0660073413,1.2618609030,0,development_pool
class1_0253,-1.3108234787,-1.7105858725,1,development_pool
class1_0567,-1.1388612985,-0.9850049979,1,development_pool
class1_0068,1.1496191164,-0.6275527562,1,development_pool
class1_2496,-1.0108854902,0.1955864799,1,development_pool
class1_0996,-1.6283646799,-1.6659891572,1,test
class1_1246,-0.9494789618,-2.4538417886,1,development_pool
class0_1429,1.3596412678,1.0025140542,0,test
class1_2769,-2.1221080866,-1.8323969703,1,development_pool
class0_2009,0.4169095734,1.4954083971,0,development_pool
class1_1098,-1.3753887401,0.1710434029,1,development_pool
class0_2990,-0.1042431385,0.6491450637,0,test
class1_1975,-1.3195509589,0.6953692483,1,test
class0_2525,-0.4196903699,-0.7088921747,0,development_pool
class1_1167,-1.1943171890,-0.0905451857,1,development_pool
class0_2647,2.6306249631,1.2081367914,0,development_pool
class0_0549,1.9731997030,-1.1223994864,0,test
class1_2130,-0.0611839438,-0.1121128772,1,development_pool
class0_2534,-0.7750095349,1.7154400684,0,development_pool
class1_1964,0.4732604453,0.1098521753,1,development_pool
class1_2494,-1.9413712238,-2.2182227389,1,development_pool
class1_0295,0.1263460249,0.5433593134,1,development_pool
class0_1308,-0.5857605528,0.4496280801,0,development_pool
class1_1494,0.6192382671,-0.3321888004,1,development_pool
class0_2280,0.5023819271,1.5177291743,0,test
class1_1394,-0.8654060041,-1.3287218387,1,development_pool
class0_2855,-0.2369891513,2.7045184333,0,development_pool
class1_0090,-2.6888348381,-1.3306350608,1,development_pool
class0_0465,-0.9342565660,-1.0361164325,0,development_pool
class0_0643,2.2768236854,0.2144864618,0,development_pool
class1_1988,-1.5179012232,-2.3572127114,1,development_pool
class0_2745,1.4727513186,0.8771532828,0,development_pool
class0_2271,-0.0199272168,2.9935560343,0,development_pool
class0_1663,-0.9152933525,-0.1791666449,0,development_pool
class1_0730,1.1292775288,-0.9590285606,1,development_pool
class0_0014,1.3009139494,1.8829428167,0,development_pool
class0_2916,0.8169720249,0.6316580996,0,development_pool
class1_1037,0.7023545380,-0.5290894048,1,development_pool
class1_2734,-0.2787654508,-0.1031884543,1,development_pool
class0_1496,-1.4049765589,-0.4721788680,0,test
class1_2388,-2.5595344661,-2.2240493080,1,development_pool
class0_2952,-0.1770149534,1.4653527883,0,development_pool
class1_0805,-0.1060337973,-0.1816806538,1,development_pool
class0_2242,0.8731301816,1.7304367077,0,test
class1_0841,-0.3814842469,-1.6294008174,1,test
class0_2450,-0.6041764216,0.3312118302,0,development_pool
class0_2373,-0.8011766545,-1.2428427784,0,development_pool
class0_0327,1.6122014931,-0.1020210736,0,development_pool
class0_0400,0.4500858230,0.4961838361,0,development_pool
class1_2117,1.2031232977,-0.5072258592,1,development_pool
class1_0908,-0.7288340339,-0.4942747045,1,development_pool
class1_2459,-0.0581338445,-0.8746611638,1,development_pool
class1_1646,-0.1227630525,0.3985401788,1,development_pool
class0_2560,1.3685037610,2.6339422177,0,development_pool
class0_2058,-0.7573410055,-1.3346875376,0,development_pool
class1_1961,0.3009940039,0.6525554596,1,development_pool
class0_2358,0.4522443734,0.3935406636,0,test
class1_0729,-0.2252986907,0.9513137080,1,test
class1_2984,-1.7699379225,0.6221601458,1,development_pool
class0_1456,0.7302064772,1.2855204347,0,development_pool
class0_2623,-0.4118684819,-0.4324799344,0,test
class1_2294,-1.5329016265,-1.0345994689,1,development_pool
class0_2583,-1.0079886634,0.5003404396,0,development_pool
class0_1514,-0.0286152892,0.6673113613,0,development_pool
class1_1797,-2.5683747799,-0.8077853747,1,test
class1_0363,-0.9537975798,0.9008471531,1,development_pool
class1_0387,2.5086582734,0.6989249644,1,development_pool
class0_1923,-1.6677674874,-0.3846795687,0,development_pool
class0_2123,1.6713771106,-0.7192113686,0,development_pool
class1_1454,-0.0053310730,-2.3875377665,1,development_pool
class0_2765,0.7552623468,0.5848425610,0,development_pool
class0_1687,-2.2763192326,0.5233777691,0,development_pool
class1_1443,-2.4810744718,-1.8165201835,1,development_pool
class1_0275,-1.3217799765,-0.4204875330,1,development_pool
class0_0687,3.0513589853,0.5516404165,0,development_pool
class1_1963,-0.1407621823,-0.9477259991,1,development_pool
class1_2487,-2.6188238272,-1.8547683520,1,development_pool
class0_0763,0.0097652974,1.6964474063,0,development_pool
class1_1081,-1.0455244225,0.3143978174,1,development_pool
class1_2071,-0.9136753503,0.2526984978,1,development_pool
class0_1316,-0.1401376659,0.5774251334,0,development_pool
class1_2996,1.1197271933,-1.1283134360,1,development_pool
class1_2631,0.4692390429,-0.4195380465,1,development_pool
class1_1023,-2.0154774154,-0.7930473698,1,development_pool
class1_2628,-0.6916046444,0.2696712150,1,test
class0_2520,-1.3373533742,-0.7437517671,0,development_pool
class0_0026,0.4908304029,-0.1057365007,0,development_pool
class0_0160,0.2932771720,0.0916604192,0,development_pool
class0_2877,0.2307378686,-1.8699223568,0,development_pool
class0_0197,0.3338413331,3.1711250529,0,development_pool
class1_1620,1.2346600891,-0.6439802626,1,development_pool
class1_2155,-0.9062149569,0.1997192240,1,development_pool
class1_1904,-1.4056708121,0.1071266906,1,development_pool
class0_1339,1.3803838547,-1.0437981748,0,test
class1_1329,-1.4387709937,1.1141100158,1,development_pool
class0_0080,1.1216054923,2.1387339691,0,development_pool
class0_0036,-1.0342079765,1.3485080266,0,development_pool
class1_0163,1.0606292689,-1.1279560659,1,development_pool
class1_1813,1.1907006046,0.1373949186,1,development_pool
class0_1570,0.2581390149,-0.1564887803,0,development_pool
class0_1726,1.9253580652,-0.0190892920,0,development_pool
class0_2744,0.0409262362,0.7045108877,0,development_pool
class1_2578,-0.3767234104,1.3472161413,1,development_pool
class1_0009,-2.7172956017,-2.4162354948,1,development_pool
class1_1429,-0.7999035008,-0.5944840706,1,development_pool
class0_2388,2.0950221975,3.3074671110,0,development_pool
class0_1864,-0.8000170824,0.8572657293,0,development_pool
class1_1909,-0.6098397949,-0.6070458148,1,development_pool
class0_2408,0.4003345447,0.0165181487,0,development_pool
class0_1931,1.5401757981,0.3173378433,0,development_pool
class1_2580,-2.5205785694,0.2767516281,1,development_pool
class0_1632,0.4497790026,2.2666060949,0,development_pool
class0_2712,-0.3079100544,-0.4490041705,0,development_pool
class1_1838,-2.2434866613,0.0565106211,1,development_pool
class1_0612,-2.7212909161,2.1085999208,1,development_pool
class1_2091,0.6730404750,1.0200519887,1,test
class1_2162,-1.2704019474,-1.6971773150,1,development_pool
class0_0407,-1.0249744267,-0.7204730763,0,development_pool
class1_2965,0.7245904156,-0.5649417675,1,development_pool
class1_2262,1.3430710397,1.2468102594,1,test
class1_1160,0.6647535532,-0.0988721547,1,test
class1_2730,0.4994929140,-0.0919444807,1,development_pool
class1_0383,1.1946107363,1.8353822872,1,development_pool
class1_0838,0.8705993152,-0.2796562548,1,development_pool
class1_1773,-1.7389311235,-1.9337364500,1,development_pool
class1_0748,0.8923569740,0.1173559396,1,development_pool
class0_2216,3.9174683374,0.4620421405,0,development_pool
class0_2863,1.8659582266,-0.0160113467,0,development_pool
class1_0797,0.2957276951,0.1377306492,1,development_pool
class0_0137,-0.6114005195,-0.5955475296,0,development_pool
class1_2347,-1.4451082655,-1.5823219729,1,development_pool
class1_0459,-1.4507995032,2.5159146246,1,development_pool
class1_2928,1.8361762011,-1.7663492109,1,development_pool
class1_1751,-1.2705368332,0.7785861840,1,development_pool
class1_1852,-1.0620042466,-1.0518591095,1,development_pool
class1_2191,-3.4643409627,-1.9927791459,1,development_pool
class0_1113,0.0925716532,2.1395270581,0,development_pool
class1_0180,2.5415173706,0.2189958393,1,development_pool
class1_0962,-0.3065298425,1.6906949367,1,development_pool
class0_2013,1.3903230666,0.8973116086,0,test
class1_1233,-1.1426486603,-1.7331046411,1,development_pool
class1_0093,0.1379800133,-1.0220556425,1,development_pool
class0_0024,0.1181569530,1.7558436639,0,development_pool
class0_0074,2.6962957743,0.6506531855,0,test
class0_0020,1.6075398637,1.9125159789,0,development_pool
class0_1459,0.1486167982,1.1844923675,0,development_pool
class1_1131,-1.3390158217,1.3230622336,1,development_pool
class0_2550,1.1747825517,1.2802396578,0,development_pool
class0_0354,0.3554642125,3.0739796696,0,test
class0_1172,0.4406947736,-0.3742349005,0,development_pool
class0_0796,3.7799887281,-0.7457479803,0,development_pool
class0_1601,-0.0052211137,0.6538752357,0,development_pool
class1_2093,-2.1603157304,2.3542028542,1,development_pool
class0_2781,1.5122178837,1.4715348377,0,development_pool
class0_2442,0.9404284697,1.6768617072,0,development_pool
class1_1376,-1.7545878402,-0.9171101232,1,development_pool
class1_2171,1.4781245746,-1.6229050289,1,development_pool
class1_0126,0.3176362164,-0.2367084344,1,development_pool
class1_1834,-0.0958926835,-0.6885890240,1,development_pool
class1_1735,0.2226903190,0.0766493026,1,development_pool
class1_1796,-1.0901132906,-1.5731294237,1,test
class1_0686,-0.7432272520,-0.6530444830,1,test
class0_1874,2.4270978189,2.7035926777,0,development_pool
class1_2887,-1.4111531320,-0.6875389531,1,development_pool
class1_0356,-2.6242153544,-0.4107896291,1,development_pool
class0_2463,0.4638191147,-0.3126894262,0,test
class1_1152,0.0769831166,0.2920979570,1,development_pool
class0_2987,1.5176106716,-1.8189343863,0,development_pool
class0_2391,0.0093935520,0.4610820577,0,test
class0_2011,-0.4558027704,-2.6613624275,0,development_pool
class0_2926,0.6335601536,-0.0948757266,0,development_pool
class0_2156,1.8101367126,-0.8943016133,0,development_pool
class1_1236,-1.6191942477,0.7627700133,1,development_pool
class1_0892,-2.6217069670,1.4168218829,1,development_pool
class1_1420,-2.3059551865,-1.3886562766,1,development_pool
class1_2775,-1.1434643901,-2.6113727020,1,test
class0_0352,2.2591885242,0.0772096664,0,test
class0_0394,-0.6468073798,0.0645513401,0,test
class0_1846,-0.6562385148,0.6442605002,0,development_pool
class0_1169,-0.0135277401,0.0635813245,0,development_pool
class1_2798,-1.1838113078,0.1599504626,1,development_pool
class1_2498,0.5581414019,0.9321307969,1,test
class0_2224,1.2558215771,1.4105657814,0,development_pool
class1_0361,-1.8806183421,-0.1976045812,1,development_pool
class0_1269,-1.1371727767,0.2856907295,0,development_pool
class1_1611,-0.6256053943,-0.9177752473,1,development_pool
class1_0046,-1.2795542588,-1.1346682811,1,development_pool
class0_0587,0.4496305814,0.3526617247,0,development_pool
class0_2319,0.9488832444,-0.9416294393,0,development_pool
class0_1226,2.0135026799,0.7248492561,0,development_pool
class0_0762,1.4580401190,-0.0283167553,0,test
class1_0177,0.2153612092,1.3532076899,1,development_pool
class1_0656,0.5127460643,-0.6584503265,1,test
class0_2187,1.4312445087,1.6409097757,0,development_pool
class1_0366,-1.4105619079,-2.7798457124,1,test
class0_1569,0.3882696638,-1.1937084130,0,development_pool
class1_1737,1.6561882786,0.8696719169,1,test
class1_0483,-1.1013954354,-0.2687370066,1,development_pool
class1_2777,-2.4946499694,-0.7366739905,1,development_pool
class0_1912,0.4012245774,0.6839539583,0,development_pool
class1_1248,-0.1373773201,1.0110704019,1,development_pool
class1_1950,-2.7633486739,-1.2968538966,1,development_pool
class1_0529,-0.2222958271,-0.2647194338,1,development_pool
class1_2400,-1.4886502672,0.4057156200,1,test
class0_0223,1.2188023021,2.2562545538,0,development_pool
class1_1912,0.6208328055,-0.0905883760,1,development_pool
class0_0477,0.5689792951,2.8056498021,0,development_pool
class1_2561,-0.9344612451,-0.8498570348,1,development_pool
class0_2873,1.8941879306,2.4623490226,0,test
class1_2539,0.8441864805,-0.7950869220,1,development_pool
class0_0343,1.1071260312,2.2116984496,0,development_pool
class1_0706,-1.5736872870,-1.4227430124,1,development_pool
class0_2714,-0.3988739831,-0.4300108354,0,development_pool
class0_1402,0.9458879055,-0.6095867874,0,test
class1_0381,-1.1262609199,-1.4290858372,1,development_pool
class1_2182,0.2297328304,-1.6951411892,1,development_pool
class0_1876,0.8009347829,1.3107848122,0,development_pool
class0_1046,-0.0427237391,0.4227691372,0,test
class1_0833,-1.8445619166,-0.8501438174,1,test
class0_0663,1.9690240220,-1.0913556230,0,development_pool
class1_0049,0.5169097266,0.6524234831,1,test
class0_1646,1.0813113042,-2.7727852940,0,development_pool
class1_0402,0.4340400729,3.0256363475,1,development_pool
class1_2456,-0.6953846795,-0.1630856669,1,development_pool
class0_2937,0.8635068695,-0.5472584333,0,development_pool
class1_2152,-1.5431068160,-3.0384100339,1,development_pool
class0_0158,-0.7547554461,-0.7222164345,0,development_pool
class1_1414,0.2657726400,0.7860649852,1,test
class0_1293,-0.0555545060,-1.0248495919,0,development_pool
class1_1350,0.5128659301,-1.3158955899,1,test
class1_2428,0.8680910295,-0.3242710442,1,development_pool
class1_0082,1.8740752762,-0.5000918293,1,development_pool
class0_0545,0.8978408963,0.5936570181,0,test
class0_2709,2.3934007926,-0.6677483887,0,development_pool
class0_1342,0.2456370026,1.3794462223,0,test
class1_2254,1.3297656694,-1.5866229383,1,development_pool
class0_0938,-1.8241600539,0.3380240084,0,development_pool
class0_0782,2.1150576259,3.4846148649,0,development_pool
class1_2882,1.0824067298,1.2146210172,1,development_pool
class0_1192,0.2115401282,0.1361682292,0,development_pool
class0_1721,0.8376437635,-0.1137508232,0,development_pool
class0_2841,1.6671467690,1.1375986821,0,development_pool
class0_2503,0.7917932450,-1.1822386655,0,development_pool
class1_0946,-1.4791204592,0.1629472830,1,test
class0_1592,1.8032613643,1.2908049015,0,test
class1_0268,-0.4849120465,0.7858887309,1,development_pool
class0_0425,1.5163217443,0.6937047988,0,test
class0_0321,-0.4742651784,2.1113718503,0,development_pool
class0_0311,0.8847120943,1.6151077325,0,development_pool
class1_2103,-1.4263261251,0.4274806391,1,development_pool
class1_2159,-0.3673860565,-2.9525464559,1,development_pool
class0_2719,-0.3629987276,1.4712267322,0,development_pool
class1_2188,-1.0817162425,-0.1903774377,1,development_pool
class1_1785,-2.2508080928,-2.8405776680,1,development_pool
class0_2453,-0.8304599491,0.6075720924,0,test
class0_2134,1.7697630905,-1.3217014505,0,development_pool
class1_2609,-1.4493029251,-1.6462961763,1,development_pool
class1_1767,1.4097829906,0.4849579017,1,development_pool
class1_2135,-0.7507571745,0.0319903326,1,test
class0_2899,-2.2393233235,-2.6392865275,0,development_pool
class1_0309,-3.3658621406,0.2986118226,1,development_pool
class1_2623,-1.6692400094,-1.7922089967,1,development_pool
class0_0161,-0.0530251015,0.8689881976,0,development_pool
class1_1191,-0.8338606715,-0.3592691127,1,development_pool
class1_0556,0.3025073854,0.5555841591,1,development_pool
class0_0269,1.6141352328,1.0183843454,0,development_pool
class0_0481,-1.1392974703,0.9198167752,0,development_pool
class1_1821,0.8240963080,1.4035908031,1,development_pool
class0_1317,0.0716934612,0.5539707843,0,development_pool
class0_1770,0.6707277014,0.4222989321,0,development_pool
class0_0835,-0.7209801800,0.1260158217,0,development_pool
class1_1822,-0.8002529929,-0.7015657215,1,development_pool
class0_1897,0.4424180751,0.0695811900,0,development_pool
class1_0212,-1.8423782345,-1.6291132728,1,test
class1_0948,1.7614867645,0.9107333902,1,development_pool
class0_2368,-0.5179562931,0.9659224828,0,development_pool
class0_1137,1.1145786202,1.1674873179,0,development_pool
class0_2756,-0.1929148637,0.9357013658,0,development_pool
class0_2393,-1.8771040922,-2.3505540198,0,test
class1_0211,1.2152591344,-0.0578909233,1,development_pool
class0_2772,-0.5080635837,-0.8142158959,0,development_pool
class0_2346,0.3901723191,0.7667684042,0,development_pool
class0_1955,0.5148621634,-0.6265372232,0,development_pool
class1_1913,0.8554234493,-1.5212323062,1,test
class1_0873,-0.2385792591,-1.4932556055,1,development_pool
class1_2107,-1.0482322324,-1.2219377719,1,development_pool
class0_1048,-0.4271012335,-0.5444747615,0,development_pool
class1_0843,-2.1422211004,-0.7444282581,1,development_pool
class0_0917,-0.6266302274,-0.1818193833,0,development_pool
class0_0118,-2.0249555128,-1.0428923862,0,development_pool
class0_2210,2.5511697806,-0.8854797917,0,development_pool
class1_0329,-0.4857466478,1.8940571916,1,development_pool
class0_2694,0.3899138189,-1.9532859784,0,test
class0_1541,-0.7476466209,-0.5302020455,0,development_pool
class1_1015,0.9775021503,1.1059486409,1,development_pool
class0_1379,0.9023458199,-0.2723797100,0,development_pool
class1_1214,-0.5862522043,-1.9895072133,1,test
class0_0009,1.2174410305,1.7042709048,0,development_pool
class1_2745,-0.8404552888,1.0302006170,1,test
class0_1954,0.3322989160,-1.8471295252,0,development_pool
class0_1161,-0.5203090981,0.6864141442,0,test
class0_0647,-0.1437327887,1.1552515335,0,development_pool
class1_0772,-2.2991658401,-0.2090947226,1,development_pool
class1_0697,1.0079822689,0.4733493010,1,development_pool
class0_0983,-0.0964815745,0.0422962201,0,test
class1_0876,-0.7662755280,-0.2752555901,1,test
class1_1903,-0.2644436041,-2.2962787794,1,development_pool
class0_0388,1.1263901123,-1.3061915637,0,test
class0_2628,2.1539828506,0.3974604149,0,development_pool
class0_0004,-1.5926252072,-0.4037204371,0,development_pool
class0_2027,-0.0875762310,0.2142722246,0,development_pool
class1_0690,-1.3506203290,-0.7355182730,1,test
class1_2570,0.1520134011,-0.1313364888,1,development_pool
class1_0541,-1.7885155717,0.1378585185,1,development_pool
class1_1130,-0.4016373890,0.0148049228,1,development_pool
class1_1111,0.3184536355,1.8164564291,1,development_pool
class1_2677,-3.0355496720,-0.9134939136,1,development_pool
class1_2281,-0.5578158118,0.3896732532,1,test
class1_0318,0.5262345073,-0.0835459336,1,development_pool
class0_2229,2.6303739934,0.5651004268,0,test
class0_0716,-0.4234989277,0.8402357279,0,test
class1_0780,0.4888824005,0.1579851725,1,test
class1_1537,-0.1386204076,2.1698907150,1,development_pool
class1_1040,-1.8741190601,0.1928599195,1,development_pool
class0_2153,2.9779863100,0.5025734435,0,test
class1_0727,-0.2825604858,1.3001337936,1,development_pool
class1_1643,1.2656951716,-2.6407581892,1,test
class1_2610,-0.8121958951,-1.4056839949,1,development_pool
class1_1410,-1.1669092928,-0.7525382021,1,test
class0_0833,-0.7127235391,-0.7481505889,0,development_pool
class0_2341,1.1659240253,0.2729386575,0,development_pool
class1_0646,2.7997263369,1.8055669208,1,development_pool
class1_2762,1.3692484941,-0.0492429599,1,test
class1_2970,-1.1767430216,1.3931668585,1,development_pool
class1_1711,-0.9942265574,-0.5600868967,1,development_pool
class1_0410,-0.0766765577,-0.9188287399,1,development_pool
class0_1412,1.6348433163,-0.5420674337,0,development_pool
class0_1077,0.3014851842,0.6588854906,0,development_pool
class1_1608,-0.8456494334,1.0168667138,1,development_pool
class0_1911,0.6707827428,1.0879723795,0,development_pool
class1_0671,-0.2502289730,0.3879658689,1,development_pool
class0_2782,0.5138537675,1.6710715089,0,development_pool
class0_1992,-1.6200488425,-3.3605583146,0,test
class0_2258,1.3758480149,-0.0382725805,0,development_pool
class1_2758,-1.6494837791,0.7254490392,1,development_pool
class1_1993,0.9359583483,0.3275494759,1,test
class0_2662,-0.6914608004,-0.3656607314,0,development_pool
class1_0826,-1.2492567502,-1.8449047353,1,development_pool
class0_0860,0.1642812025,-0.5103713818,0,test
class0_1079,1.1020435952,0.6098414838,0,test
class1_1435,0.5159215215,-1.6004533123,1,development_pool
class0_2189,1.1681732728,4.3317339758,0,development_pool
class1_1617,-0.4626554203,-0.6680847750,1,development_pool
class1_2596,-0.1308106702,-0.5647567774,1,development_pool
class1_0546,-1.3466836335,1.2514931004,1,development_pool
class1_0328,-1.3901377084,1.4243680106,1,development_pool
class0_2401,0.0634565947,-0.0254599226,0,test
class0_1239,-0.4066717964,1.8447099423,0,test
class0_0422,1.2688943145,1.8613209459,0,test
class0_1997,1.7923131183,2.9559113898,0,test
class1_1799,0.4520021428,0.3938090043,1,test
class0_1489,-0.0433038815,-1.3544109560,0,test
class0_1950,-0.2013760749,0.3867591394,0,test
class1_0470,0.9154224325,-1.1002473757,1,development_pool
class1_1048,-2.5821010959,1.5026091746,1,test
class0_1619,0.5163136477,-1.4278041899,0,development_pool
class0_2044,-0.3772877754,-0.2536598479,0,development_pool
class0_1117,1.6776016621,3.0604075125,0,development_pool
class1_2035,-0.4315202155,-0.9776825063,1,development_pool
class0_2672,2.5493767629,1.6797556782,0,development_pool
class1_1099,-2.7197411046,0.4984655137,1,test
class0_1148,0.8830910529,1.6925664240,0,development_pool
class1_0931,-2.5632808403,-2.3342779361,1,test
class0_1101,-1.0638814744,-1.3596283568,0,development_pool
class1_1171,-0.5704713837,-0.5953421943,1,development_pool
class0_2727,-0.2587778296,-1.9754582682,0,test
class1_2410,-1.8169817143,0.8249542882,1,development_pool
class1_1917,0.2060737257,-0.3421222222,1,development_pool
class0_0551,1.7966342467,-2.6902252917,0,test
class1_2634,-1.3931520552,-0.1398722908,1,development_pool
class0_1011,0.2282876624,0.6579981669,0,development_pool
class1_1496,-2.7097291956,-1.3280957107,1,development_pool
class1_1776,-0.8982372720,-0.7862486462,1,development_pool
class1_0627,-2.2513828367,-0.7536117112,1,development_pool
class0_0239,-0.2880632942,0.1941233718,0,development_pool
class0_1614,0.3354427256,2.2713440094,0,test
class1_1045,-0.5142159747,-1.3212969838,1,development_pool
class1_2040,-0.0350787487,-1.6459194855,1,development_pool
class1_2169,-0.9780654429,1.5370951954,1,development_pool
class1_2521,0.8577692863,-0.8975323705,1,development_pool
class0_0104,-0.3865822422,0.4093715304,0,development_pool
class1_0121,0.4329453102,-1.0221214279,1,development_pool
class1_0899,1.0194355549,0.5239628157,1,development_pool
class1_0052,0.3042078454,0.8463073340,1,test
class1_1718,-0.8635566537,-3.0632208981,1,test
class0_1015,0.6819193663,-0.0797201374,0,development_pool
class0_0621,1.0173648246,0.7019794868,0,development_pool
class1_2979,-2.1210307573,-1.5065773960,1,development_pool
class1_1206,-1.1405988737,0.4185264053,1,test
class1_2008,-1.3129337031,-1.2485773604,1,development_pool
class1_1770,0.9569298936,0.4897244644,1,development_pool
class1_2729,-2.9611159635,-1.6766821833,1,development_pool
class0_1157,-0.1038144256,0.6672858523,0,development_pool
class0_1072,0.1465883236,0.5245189927,0,development_pool
class1_0782,-2.0985996033,-0.7464831549,1,development_pool
class1_1096,-0.7554462902,-1.3906611232,1,development_pool
class0_0072,1.8819757247,2.1680092684,0,development_pool
class0_0426,1.5214337361,0.6608922834,0,development_pool
class0_0451,0.4549247233,-0.1544331445,0,development_pool
class1_0537,-0.1123106353,1.7156478524,1,development_pool
class1_1351,-1.5550675579,-2.4655873048,1,development_pool
class1_0271,1.3060364498,-2.8373851284,1,development_pool
class1_2940,-0.3008097544,-1.2668818873,1,development_pool
class0_0799,-1.6811104442,1.5063478315,0,development_pool
class0_0431,1.4815806622,-0.8666000236,0,development_pool
class0_2192,0.9793226488,1.2859338314,0,development_pool
class1_0079,0.3614965684,-1.0606924465,1,development_pool
class0_1274,2.2443947766,1.3694506516,0,development_pool
class1_2952,2.4094725408,0.8957988808,1,development_pool
class0_1854,-0.0497637265,2.0450596559,0,development_pool
class0_1224,0.4024459843,0.0393029816,0,development_pool
class0_1435,-0.9593364783,0.9445919293,0,test
class0_0759,-1.4244091236,-0.4471598641,0,development_pool
class0_1357,1.1096851568,-1.0581106477,0,development_pool
class1_1237,0.5850972710,-0.3359038945,1,development_pool
class0_2328,-1.8365424814,1.5018586705,0,test
class1_0218,-0.3755532777,-0.8809523594,1,development_pool
class0_1733,1.3691314331,-0.7017147122,0,development_pool
class0_2298,0.3852414715,0.6301522462,0,development_pool
class1_2334,-2.0168644298,-0.5995573314,1,development_pool
class0_2097,1.1612749833,-2.5976754489,0,test
class1_0325,-1.7049239438,-1.3940028635,1,development_pool
class1_0311,1.6071511558,1.9056056268,1,development_pool
class0_2670,0.2323091970,1.4264308615,0,development_pool
class0_0128,2.3164870102,1.5663148103,0,development_pool
class0_2317,-0.5154841460,0.7823746053,0,development_pool
class1_2057,0.0677656738,0.2059509258,1,development_pool
class0_0960,1.0251950214,0.2938354433,0,development_pool
class0_0997,-1.1765520592,-0.0792524575,0,test
class1_1915,-0.4897886772,-1.5016247708,1,test
class0_1858,-0.3381667564,-0.5831776386,0,test
class1_2348,-0.3153721457,-1.9837829463,1,test
class1_1488,-0.5679554365,-1.9830793831,1,development_pool
class1_2515,-1.0361263665,-0.6567330980,1,development_pool
class1_0267,-2.9337806343,-0.9890011173,1,development_pool
class0_0016,-0.3639394989,2.5055975256,0,development_pool
class0_1977,-2.0139290757,-1.1301031089,0,test
class1_1879,-0.8498891008,-1.6178334511,1,development_pool
class0_1214,0.0054716141,-0.0908742951,0,development_pool
class1_2695,-0.8569735292,-1.2911856411,1,development_pool
class0_2077,0.9968723463,-0.1602562313,0,development_pool
class0_0408,0.6718164361,-1.6296037977,0,development_pool
class1_2555,0.7204980368,-1.3546742072,1,test
class0_2175,1.8265042764,0.9577772148,0,test
class0_0691,0.2347976002,-0.5210715031,0,development_pool
class0_2943,0.6075595595,3.1982227583,0,development_pool
class1_2642,0.0609906139,-0.4761920074,1,development_pool
class0_2732,0.0452338692,-1.1137115707,0,development_pool
class1_0150,0.2827294956,-0.6247766893,1,test
class1_0595,1.3372106362,-1.7999677082,1,development_pool
class1_2088,0.2825715045,-0.0281520324,1,development_pool
class0_1397,1.6096215594,0.1739867126,0,development_pool
class0_1692,-0.4971655714,1.0938347065,0,development_pool
class1_1407,-1.1115889266,-0.0494319593,1,development_pool
class1_0964,0.2497341816,0.4696885183,1,test
class1_1169,1.4684056130,-0.6274452101,1,test
class0_0301,0.4961637312,-0.9324486460,0,development_pool
class1_2080,-1.9156386645,-0.0378757965,1,test
class0_2241,1.4118416881,1.8546062361,0,test
class1_1058,0.4669870043,0.2195056954,1,test
class1_0102,-4.1208277878,-1.2277680911,1,development_pool
class0_1810,-1.3264423038,0.0595391594,0,development_pool
class1_1077,1.1558412750,-1.1987665254,1,development_pool
class1_0901,0.8174601667,-0.2358186300,1,development_pool
class1_2581,-1.0038423306,-2.5101772413,1,development_pool
class0_0109,1.4166052773,1.0497274693,0,development_pool
class0_1400,0.6079379217,1.0744114058,0,test
class1_2951,-0.1373965458,-2.0628449275,1,development_pool
class1_0353,0.6374617615,-1.1643161647,1,development_pool
class0_2771,-2.3960219530,0.1910112958,0,development_pool
class0_1475,1.9402644076,-0.5856538802,0,test
class1_1824,-0.9538231254,-0.9984656126,1,development_pool
class0_0267,1.5007379160,-0.3753603134,0,test
class0_1881,0.2030377205,0.1858540619,0,development_pool
class1_1213,-1.0568020059,-1.1071568205,1,development_pool
class0_0952,-0.8992473611,-0.3266001393,0,development_pool
class0_2110,1.5894576520,-1.2050745697,0,development_pool
class0_0032,2.4761391786,0.6229838452,0,development_pool
class1_2926,-1.0624351294,-0.8265404267,1,test
class0_0144,0.1882874360,1.0997045332,0,development_pool
class1_2480,-0.9350824306,-0.7282660199,1,development_pool
class1_2501,0.2824349114,0.9530038715,1,test
class1_1154,-0.6296396765,2.3318077084,1,development_pool
class1_1190,-1.4468171284,-1.0894000236,1,development_pool
class0_1557,1.7222774229,-0.1514361885,0,test
class0_1050,1.3404903856,2.6075595954,0,development_pool
class0_1047,0.7918588144,-0.9724138653,0,development_pool
class0_0576,3.1085261733,-0.2274914458,0,development_pool
class1_2573,-2.3201665364,-0.9285222104,1,development_pool
class1_0847,-1.7923508363,-2.0404233819,1,development_pool
class1_0744,-2.0229451930,-1.3086461768,1,development_pool
class1_2187,-0.3757290887,-1.2515654691,1,development_pool
class0_1329,0.8463167049,2.2254822028,0,test
class0_0692,-1.0774175088,-2.0157870325,0,development_pool
class1_1133,1.7534969072,1.4507305449,1,development_pool
class0_1444,-0.0761592667,2.0746443709,0,development_pool
class1_0110,-1.3093435095,0.8132091552,1,test
class0_0176,-0.9377588263,1.3478531969,0,development_pool
class0_2256,0.8067014612,2.4454601435,0,test
class0_1782,1.6522149904,3.5028693007,0,development_pool
class1_1760,0.0038627776,-0.6230893479,1,development_pool
class1_1991,0.3131002129,-0.4672630758,1,development_pool
class1_2850,0.2210427591,-2.0346547689,1,development_pool
class1_2274,-1.5359915049,-0.1362632803,1,development_pool
class1_0791,-2.1450451502,-1.1113534126,1,development_pool
class1_2612,0.8594189085,-1.7146912913,1,development_pool
class0_1715,-0.7744846289,0.9316775607,0,development_pool
class0_1667,-1.4529273408,-0.5635800296,0,development_pool
class1_0871,-1.0641340870,-1.2818786105,1,development_pool
class1_0386,-0.4955652004,-0.4436289547,1,development_pool
class1_0101,0.8737648427,-0.8259227906,1,development_pool
class0_2648,-0.6238637143,-0.8858674523,0,development_pool
class1_2464,0.6212425537,-0.1578617259,1,development_pool
class0_1869,1.0577945712,0.8109116628,0,development_pool
class1_1489,-0.7515958887,-0.8309701038,1,development_pool
class0_0283,-0.3234777606,-0.9556654101,0,development_pool
class1_1523,0.9358945186,-1.3637885972,1,development_pool
class1_0786,0.5069507089,0.5531107294,1,test
class0_0468,0.4714551703,-0.3063238896,0,test
class0_2676,-0.3731010165,0.2085526970,0,test
class0_1650,0.7132043098,2.4751244226,0,development_pool
class1_1945,0.1241262662,-1.6098087532,1,test
class1_2889,0.9119189167,0.8034292530,1,development_pool
class1_1576,-1.3046902231,-0.9449760433,1,development_pool
class0_0768,2.1773727299,-0.2931306387,0,development_pool
class1_1798,-0.2481381582,-0.9475143495,1,development_pool
class0_0066,1.9179798460,2.0241971499,0,development_pool
class1_0429,-0.4169244810,-0.8703508443,1,development_pool
class1_0106,-1.5308755734,-1.3358529988,1,development_pool
class1_0570,-1.0471837548,1.0489819746,1,development_pool
class1_0909,0.7435651795,-0.6450814544,1,development_pool
class0_2382,-0.4350642719,0.1601390186,0,development_pool
class1_2068,0.8666747904,0.1299799933,1,development_pool
class0_1196,2.9714436063,1.5314515736,0,development_pool
class0_2233,1.9460076473,0.1544959675,0,development_pool
class1_1059,0.1995510570,0.7246902534,1,development_pool
class0_0503,-0.4671852649,0.1423996730,0,test
class0_1523,1.4099393135,-1.7658160595,0,development_pool
class0_2277,0.4203478960,-1.0764156638,0,test
class1_1241,-0.1695988814,-0.2199182858,1,development_pool
class1_2945,0.2251054478,-0.8820474412,1,test
class0_1840,-0.5657053458,-0.6954006515,0,development_pool
class1_0968,-0.9781262990,0.3380443970,1,development_pool
class1_1664,-0.5758109736,1.0888434194,1,development_pool
class1_0882,0.0029116384,0.9437197351,1,development_pool
class1_0559,-1.8803806290,-2.4460726249,1,test
class1_2782,-0.6190328038,1.8673210350,1,development_pool
class0_1013,3.2221515055,3.5069699955,0,development_pool
class0_0824,-0.0860025329,1.4410838100,0,development_pool
class1_0799,1.8075681852,0.1769690872,1,development_pool
class1_1734,-0.4195754631,-3.3005530573,1,development_pool
class1_1919,-2.3773645425,-0.5670076267,1,test
class1_0515,0.3477599447,0.8473820161,1,development_pool
class0_0943,0.3080388001,0.7420626011,0,test
class1_1382,0.1781902380,1.0750334717,1,development_pool
class0_0509,1.4928057354,0.7431730247,0,development_pool
class1_1049,-2.4948345790,-0.6937831967,1,development_pool
class0_1863,0.6387274399,1.5415006218,0,test
class1_1364,-4.1981192766,-2.7933304740,1,test
class0_0981,0.3308877863,0.7732662568,0,development_pool
class0_1765,3.0520275112,1.4233451994,0,development_pool
class0_2602,-0.2388070412,0.9552340491,0,development_pool
class1_2977,2.2005799623,-2.4372503639,1,development_pool
class1_2492,-0.5309046178,0.3012907724,1,development_pool
class0_2194,2.2608039630,0.0413191447,0,development_pool
class1_0374,0.0042195764,0.8070409223,1,development_pool
class0_2245,-0.3369560512,-0.3349023031,0,test
class1_1035,-0.2517809921,-0.8133620325,1,development_pool
class0_1510,0.5006302878,1.3553834596,0,development_pool
class1_0207,0.9544317059,1.4679442104,1,development_pool
class0_0584,-1.2500386290,-0.3764343767,0,development_pool
class1_0542,0.7443310787,-0.2655703708,1,development_pool
class1_0864,1.9712557019,-0.5320028869,1,development_pool
class0_1108,0.7399727438,1.1518695261,0,development_pool
class0_0353,1.5073348083,2.4461613880,0,test
class0_1061,-2.3965598232,-1.1810560870,0,test
class1_0346,-0.4043923304,-1.4933380477,1,development_pool
class0_0719,-0.5091154117,1.9809736473,0,development_pool
class1_0266,-1.4055671914,-0.6928726879,1,development_pool
class1_0005,-0.9331560953,-2.2299705540,1,test
class1_0181,-2.2235070191,-0.4810104172,1,development_pool
class0_2768,-1.2850020074,2.5893763842,0,development_pool
class0_1750,0.9500296147,0.3974739712,0,development_pool
class1_0440,1.0458988044,-1.4751216842,1,development_pool
class0_2287,0.1853089220,-0.7201253227,0,development_pool
class0_2445,-0.2084400391,0.7767969638,0,test
class1_2344,1.2552590509,0.8530935388,1,development_pool
class1_1055,-1.8712691633,-1.2286878377,1,development_pool
class1_0306,-1.8923101150,-0.4012070560,1,test
class1_0842,-1.4905674694,0.8987172082,1,development_pool
class0_0695,1.0532331712,-0.1139567746,0,development_pool
class1_2131,-1.2314490860,0.1549706038,1,development_pool
class0_2032,1.1553878178,1.6488384366,0,development_pool
class1_1255,-0.3902224083,0.5292849263,1,development_pool
class1_0501,0.1320937790,-2.6218777259,1,development_pool
class0_1936,1.6966788356,1.9410818064,0,development_pool
class0_0492,1.4543111742,1.3803970590,0,development_pool
class0_2057,0.2066930459,-2.1642875749,0,test
class0_0538,-0.0626794873,-0.8276038967,0,development_pool
class1_0291,-0.4166744467,-0.0370621803,1,development_pool
class1_2375,1.4213229178,1.1733920708,1,development_pool
class1_1144,0.1491232261,-1.4368726683,1,development_pool
class0_0760,0.0354550080,2.9078028607,0,test
class0_2868,1.2623814168,0.8268636884,0,development_pool
class1_0898,-1.4946211614,0.3544751483,1,development_pool
class0_0046,-0.3424050330,1.1582133337,0,development_pool
class0_2250,3.4833518609,1.6333215958,0,test
class1_2956,0.2777347371,-1.7590654390,1,test
class0_0277,-0.8049288755,-0.4107817999,0,development_pool
class0_0660,1.2230613947,0.9334066976,0,development_pool
class0_2597,0.4305183514,-0.4854961046,0,development_pool
class1_0950,1.1475592437,0.3951489679,1,development_pool
class1_2366,0.7289256500,1.2505580950,1,development_pool
class1_2235,-2.3963144757,-0.9256706642,1,development_pool
class0_0324,3.1005479377,3.0164346921,0,test
class1_2890,0.4821071871,-0.8227717263,1,development_pool
class1_1985,0.0040779446,-1.1243394765,1,development_pool
class0_2571,0.6291353019,1.4601441422,0,development_pool
class0_2104,2.2424741169,-2.1798944931,0,development_pool
class0_2656,-0.1972078838,1.7140695497,0,development_pool
class1_1374,-0.1947611764,-0.6168031166,1,development_pool
class0_0023,2.4602380443,1.3450601919,0,development_pool
class0_2109,-0.8881960969,-1.6345447300,0,development_pool
class0_0950,0.1967431584,-0.2610129820,0,test
class1_1623,0.3756918952,-0.8070634669,1,development_pool
class1_2256,0.4125938442,0.4129407829,1,development_pool
class1_2668,1.6066540486,0.0970386532,1,development_pool
class0_0077,0.9652251554,1.3250310359,0,development_pool
class0_1122,-0.1633598298,-2.5866725144,0,development_pool
class0_0792,1.4159161872,1.5114701997,0,development_pool
class0_0519,2.7971633165,0.5285635071,0,test
class0_2282,1.1804649628,1.5202066827,0,test
class1_0162,-1.1437079029,0.8796504549,1,development_pool
class0_1959,0.1582218789,1.0076749933,0,development_pool
class1_1086,-0.9634447153,0.9945124864,1,development_pool
class1_1649,0.7707871896,-0.3291640047,1,development_pool
class1_0875,-2.2705447230,-0.1141901561,1,development_pool
class0_2601,1.2089694863,0.4186317522,0,test
class0_1989,-1.1013405455,1.1408158028,0,development_pool
class0_1029,0.2744838419,1.6290817359,0,development_pool
class0_1549,-0.9402782634,-0.0362553165,0,test
class0_1128,1.4064566982,1.9697927884,0,development_pool
class1_2488,0.2263074659,0.6109806548,1,development_pool
class1_2992,2.1270653288,1.6608583776,1,development_pool
class0_2593,1.0273348551,-2.0014136763,0,test
class0_2244,0.5485447954,-0.3467662223,0,test
class1_0033,-0.4594171452,-0.8822436267,1,development_pool
class0_0297,-0.2128537162,0.3040533946,0,development_pool
class0_1423,1.1443155263,-0.5556182398,0,development_pool
class0_1527,1.3808341954,0.1666484615,0,test
class0_0708,0.3917931244,1.8291968700,0,test
class0_2230,1.4590706113,2.4847169035,0,development_pool
class1_1533,-0.6486024915,-1.2172720878,1,test
class0_1145,-0.0349150152,2.1686108994,0,development_pool
class0_0037,-0.6779801994,1.7459553293,0,development_pool
class1_0917,-0.8996561338,-1.3183529061,1,test
class1_0674,1.2773495433,-0.7173999847,1,development_pool
class0_1247,-0.1504151560,2.0860499270,0,development_pool
class1_2717,1.6119547328,1.5239034599,1,development_pool
class1_1502,0.5315534509,-2.4777510320,1,test
class1_2351,-0.4451087266,0.5042761794,1,test
class0_0884,-1.4232965326,-1.6957776616,0,development_pool
class1_2446,-0.9452575038,-0.2119674792,1,test
class0_1248,1.0621210754,2.3219331336,0,development_pool
class0_2932,2.2071873215,-0.5719433168,0,development_pool
class0_0756,1.7331093663,1.4330934220,0,development_pool
class1_1969,-1.4608615489,-0.1312347158,1,development_pool
class0_2757,-0.3053282140,0.0955562444,0,development_pool
class0_1390,0.1872208618,0.9299684678,0,development_pool
class0_0982,-0.4941619879,0.5054016998,0,test
class1_0880,1.8405827454,-0.1704311748,1,development_pool
class1_0896,0.0064891946,-1.2227333333,1,development_pool
class0_1272,0.9448301916,0.4669307107,0,development_pool
class1_2414,-0.3646061198,0.0705485423,1,development_pool
class1_0778,-1.5160337034,-1.1065970704,1,development_pool
class1_2151,-1.5525415522,-3.0666675323,1,development_pool
class1_2447,-0.8780671982,-0.0653841017,1,test
class1_2914,-2.0927744598,-2.0962542606,1,test
class0_0012,1.5395423196,-0.6676680795,0,development_pool
class1_0960,-0.2085223437,0.5160200497,1,development_pool
class0_1732,-0.4414761507,1.1441707050,0,development_pool
class0_0556,0.5124744295,0.8493199882,0,development_pool
class0_0472,-0.0400137041,-0.1936562917,0,development_pool
class1_0288,-1.5460481298,0.2448297018,1,development_pool
class0_0771,-0.8466772530,1.8988831147,0,test
class0_2267,0.7053323150,-0.6555934461,0,development_pool
class0_1086,-0.3778363555,-0.4954991754,0,development_pool
class0_2674,2.4657762195,-0.9443755059,0,development_pool
class0_1792,-0.3745701664,-2.2690709844,0,development_pool
class0_1135,1.0414541759,0.9151597938,0,development_pool
class0_1705,-0.8744344204,2.2965508580,0,test
class1_1791,-0.7996155407,-2.9827632675,1,test
class0_2759,-0.4640028693,0.5066261895,0,development_pool
class0_2232,-1.2005708363,0.6008909418,0,development_pool
class0_1149,-0.9826010058,1.1887461976,0,development_pool
class1_0026,-2.5966254336,-1.0163916721,1,development_pool
class1_0883,-1.8690835376,-1.9159668648,1,development_pool
class1_0067,-2.2996744696,-2.2457508598,1,development_pool
class1_1658,0.8132102136,-1.5671728963,1,development_pool
class1_0613,0.3795684068,-1.3567173717,1,development_pool
class1_0728,1.3151688402,-0.3115690452,1,development_pool
class1_2321,-0.2944231436,-1.2247240229,1,test
class1_2461,-0.9871747748,-3.0966726612,1,development_pool
class1_2916,0.4999994696,-0.4554347084,1,development_pool
class1_1387,-0.2612474485,0.7564626849,1,development_pool
class1_2442,-0.2309224103,0.1449162515,1,development_pool
class0_2753,0.3067589186,1.6108400873,0,development_pool
class1_2558,-0.7684312954,-0.0105475955,1,test
class1_2516,-0.3719391205,0.5166144089,1,development_pool
class0_0926,-0.2620848487,2.4882149599,0,development_pool
class1_0912,-0.2510352355,0.1886948774,1,development_pool
class1_0700,-1.9195153145,0.1959491848,1,development_pool
class1_1691,0.3289540328,-1.3247075054,1,development_pool
class1_1469,-1.2980132871,2.1736152059,1,development_pool
class1_0308,-1.2267670581,-1.2294226135,1,test
class1_1370,-0.7540093060,-3.0505285334,1,development_pool
class1_2552,0.2329034329,0.5996240199,1,development_pool
class0_1817,0.1474170132,1.3003045582,0,development_pool
class1_1230,-0.9111720717,1.5513064272,1,development_pool
class1_1911,-1.0859208023,-0.4741730285,1,development_pool
class0_1913,0.2281183044,2.0433358925,0,development_pool
class0_1318,-1.9427349253,-0.2827074120,0,development_pool
class0_0123,1.8978046972,1.3795976109,0,development_pool
class0_1368,-0.9738034000,-1.7963799778,0,development_pool
class0_1662,1.7696456437,2.1693003153,0,development_pool
class1_1345,-2.5465929292,-2.3187424878,1,test
class1_1445,-0.2311709448,-0.6392650856,1,development_pool
class0_1497,0.5960361941,0.2672834716,0,development_pool
class0_0251,-1.8576769403,1.1003785995,0,development_pool
class1_2399,1.6801002247,0.9320292786,1,development_pool
class0_0018,0.6653268049,-1.2259960449,0,test
class1_0713,0.7839741896,1.6201737772,1,development_pool
class1_2671,-0.0264080499,-0.8249696139,1,development_pool
class0_1076,-0.6201391200,1.9537993928,0,development_pool
class1_1034,-2.3216841036,-0.8876318370,1,development_pool
class0_1540,0.4704943486,0.0854754690,0,development_pool
class1_0767,-0.2424237676,-0.9244943021,1,development_pool
class1_0023,-0.2813769046,-0.9265205513,1,development_pool
class0_1091,0.9571628924,0.4034108245,0,development_pool
class0_2172,-2.1424062612,-0.5543139908,0,development_pool
class1_0305,0.0892573325,0.4043004532,1,development_pool
class1_1062,-0.8863944240,-0.9080416565,1,development_pool
class0_0821,-0.6168779325,1.5709247444,0,development_pool
class0_0051,2.1685690495,1.5169081176,0,development_pool
class1_1627,0.9313094964,-1.1056917714,1,development_pool
class0_0052,1.4465688384,0.2036862373,0,development_pool
class1_2166,0.6475973054,-0.1775135340,1,development_pool
class0_1259,2.1375774163,-1.3005479373,0,test
class0_2007,1.2805496535,1.5883434008,0,development_pool
class1_2656,0.4505756861,-1.2118502514,1,development_pool
class0_2465,1.8353019448,1.6133661874,0,development_pool
class0_0750,-0.9304804157,-0.0125416131,0,development_pool
class1_2800,0.1532636403,-0.0334101506,1,development_pool
class1_2563,-2.2031605569,-0.8095660645,1,development_pool
class0_0139,0.7760813854,-0.1537706024,0,development_pool
class1_1715,-0.1925038062,2.9474277683,1,development_pool
class1_1729,-1.2818291703,-1.2006936258,1,development_pool
class1_1291,-0.1861844827,-1.1438571400,1,development_pool
class1_2090,-2.7977471489,-1.0652251573,1,test
class1_0006,-0.7901786025,-0.0984072206,1,development_pool
class0_0488,2.3869187275,-0.5403451856,0,development_pool
class0_2204,0.9074867842,0.3111358257,0,development_pool
class1_0593,-1.0728606158,-0.0087849156,1,test
class1_0179,-1.3390060475,-3.7324104865,1,development_pool
class0_1868,-0.1579274798,-0.3470175758,0,development_pool
class1_1764,0.2857422532,0.9701149089,1,test
class1_0303,0.8746977554,-1.7615116565,1,development_pool
class1_1757,-1.2356250155,-1.6223897122,1,development_pool
class1_1071,0.6663957600,-0.4709629124,1,development_pool
class0_0061,0.4539696971,-0.9548472899,0,development_pool
class1_0604,-1.9206374119,0.3870400702,1,development_pool
class0_0007,1.7524749390,-1.2115660706,0,development_pool
class1_0514,0.0786344627,-1.6677150955,1,development_pool
class0_2132,0.0054561764,-0.4465343531,0,development_pool
class1_1025,0.6617961208,0.7917308418,1,development_pool
class0_0769,0.4253844531,-0.3998721391,0,development_pool
class1_1539,0.7129304250,-1.0758214009,1,test
class1_0859,-0.7353780272,1.0902213295,1,development_pool
class0_0686,-0.6618126489,1.9899547259,0,test
class0_0259,0.7819992670,-0.7324228062,0,development_pool
class1_0685,1.1114283977,0.3283270359,1,development_pool
class0_0972,0.5105193593,-0.0211518277,0,development_pool
class1_2092,-1.6783222306,-0.7195879297,1,test
class0_1856,2.8814499315,0.8429968341,0,development_pool
class1_1491,-1.2690167410,0.8519754664,1,development_pool
class0_2485,-0.3459543472,1.9046448657,0,test
class0_2747,-0.7538986177,2.4725448796,0,development_pool
class1_1755,-0.7592693757,0.5252427861,1,test
class1_2560,-2.2885891801,-0.7851549278,1,development_pool
class1_0300,-0.1737337585,2.5233211953,1,development_pool
class0_1562,0.3113278570,-0.2433288731,0,test
class1_2198,-0.5147681780,-1.8461437105,1,development_pool
class1_1983,-2.3957705713,-1.6194244351,1,development_pool
class0_2185,0.9650310073,1.3109206990,0,development_pool
class1_2880,-1.0803228042,-0.7047205995,1,test
class1_0336,-0.2128718158,-1.2441596971,1,development_pool
class0_2833,2.0751271420,-0.1499077779,0,development_pool
class0_0958,2.6289867090,1.7882800735,0,test
class1_0631,-2.3910426605,-2.3726375705,1,development_pool
class0_0019,1.8198085466,-1.2160993549,0,test
class0_0725,-0.6912153606,-0.6582615756,0,development_pool
class0_2120,-0.8181009636,-0.9392953795,0,development_pool
class1_0460,-2.1366600618,-2.1854883327,1,development_pool
class0_0265,0.9540862462,-0.4468750453,0,development_pool
class0_0386,0.2642524508,-0.6071173315,0,development_pool
class1_1297,-2.4417525513,-2.2312854936,1,development_pool
class1_1399,-0.7076137084,0.6830286333,1,development_pool
class0_2646,-1.3467243788,-0.6392263548,0,test
class1_2443,-2.1588355970,-0.4836665692,1,test
class0_0872,-0.4664443804,1.3335297461,0,development_pool
class1_2013,-2.3707949854,-0.0815205478,1,development_pool
class1_1957,-0.4354581033,0.7974888131,1,development_pool
class1_0666,-3.8532091633,-2.7308324388,1,development_pool
class1_1442,-1.1310860875,-1.7305146086,1,development_pool
class1_2358,0.9087507246,-1.4435687611,1,development_pool
class0_0414,-0.5935080772,-1.4035193482,0,development_pool
class0_0801,-0.3914638959,1.7384854938,0,development_pool
class0_2706,1.4050720342,0.5939516007,0,development_pool
class1_2312,-1.9816041820,0.1140810968,1,development_pool
class1_0324,-0.2990509073,-1.7500130043,1,test
class0_2500,0.3903383504,-0.9234792246,0,development_pool
class1_2932,-2.3593625716,0.1768555998,1,development_pool
class1_1675,-0.8209132868,-1.3350361200,1,development_pool
class0_0521,-0.7420638544,-1.4529642976,0,development_pool
class0_0163,2.3948983427,0.5138854321,0,development_pool
class0_2954,2.9130487068,-1.5788588807,0,test
class0_2023,-0.0630500874,-0.7061206898,0,development_pool
class0_1471,-0.0840840317,-0.8067755657,0,development_pool
class0_1844,-2.0627522404,-1.6525640925,0,test
class1_2846,-1.3228096172,1.4076020691,1,test
class1_2795,0.5414112712,-0.9578242065,1,development_pool
class0_1182,1.0823520244,2.8061214428,0,development_pool
class1_0545,-1.2205870470,0.1199140790,1,test
class0_1375,0.2918842475,-0.0248812060,0,development_pool
class0_2643,-1.3578147190,-0.7136188747,0,development_pool
class1_2208,-0.3526129047,-0.6541846043,1,test
class0_2730,1.6407295968,1.3255289524,0,development_pool
class0_0705,1.0004153928,0.6118265546,0,development_pool
class0_1209,-0.2869956042,0.2406429410,0,test
class1_0752,-1.2920797047,-1.1374294423,1,development_pool
class0_0804,-0.8748458025,1.6420952426,0,development_pool
class0_0443,-1.5773524109,1.2835542763,0,development_pool
class1_2721,0.0713027180,-1.0342464095,1,development_pool
class1_0654,-2.5818141592,-0.3566023689,1,test
class1_0528,0.7013092493,-1.9726149033,1,development_pool
class0_2911,0.2599596025,0.6760629890,0,test
class1_2323,0.0720138795,0.4225843524,1,test
class1_2963,-0.0858544914,0.0286106578,1,test
class1_0733,-1.8363604739,-3.1695426649,1,development_pool
class0_0832,2.9837851903,2.0421514169,0,test
class1_1829,0.3509480681,-2.5025406990,1,development_pool
class1_1056,1.9105292548,-1.0826132182,1,development_pool
class0_2666,1.2085944821,0.8136323339,0,test
class0_0177,-0.1897595074,-0.4375352125,0,development_pool
class0_1620,-0.4017379938,1.0512745090,0,test
class1_2657,1.3190440381,-0.7083606998,1,development_pool
class1_2239,-0.4501265831,1.3359589533,1,development_pool
class1_0243,-3.1023332923,0.7682185697,1,development_pool
class0_0964,3.1219794298,2.6789035944,0,test
class1_0166,-0.6985137708,-2.8025893116,1,development_pool
class0_0463,0.5461347258,-1.8135762803,0,development_pool
class1_2502,-2.1387167483,-0.9687892176,1,development_pool
class1_1972,-3.8368265045,-0.9999790845,1,development_pool
class1_2710,-0.8650915583,0.4387595258,1,development_pool
class1_1005,-1.0017639488,0.5953294228,1,test
class0_0875,-0.4552598823,1.0955540558,0,development_pool
class1_2737,0.7282527191,0.4778352295,1,development_pool
class0_2549,0.5253792850,-1.2124300510,0,development_pool
class0_0491,-0.5750334964,0.0840825241,0,test
class1_1536,-0.9723346668,-1.7788921343,1,development_pool
class0_2102,2.1861252140,0.6838047035,0,test
class1_1220,-0.8726187100,-0.0815995218,1,development_pool
class1_2821,-0.8239786976,-0.8727339347,1,development_pool
class0_1499,1.2173380759,-0.7063891356,0,development_pool
class1_1624,-0.0960814758,-1.6314732605,1,development_pool
class1_2865,-0.4376163089,0.3865892991,1,development_pool
class1_1811,-0.4488879915,-1.2388123066,1,development_pool
class1_0496,-1.8033278825,-0.3124691569,1,test
class1_1847,-2.7239946256,-3.0770442595,1,development_pool
class0_1837,0.9490715310,2.2196551304,0,development_pool
class0_0287,0.3595640007,0.0201349210,0,development_pool
class0_0001,0.1358746463,-0.0783234880,0,development_pool
class1_2020,-2.6249124189,0.4512842494,1,development_pool
class1_2815,-4.2791751411,-1.4800013942,1,development_pool
class0_0565,0.3061887102,0.8155052462,0,development_pool
class1_1934,-0.8953286318,-0.7148351330,1,test
class0_1268,1.1245245899,0.6673732605,0,development_pool
class0_1399,1.3396094523,-1.4270430204,0,development_pool
class0_0667,-0.4522218136,1.8572011871,0,development_pool
class0_1099,0.0811361160,0.1107997252,0,development_pool
class1_2832,-1.4817799305,-2.4553591582,1,development_pool
class0_0002,-1.2941851524,1.0652825555,0,development_pool
class1_1893,0.8101793835,1.1261278490,1,test
class0_2518,-2.0336698736,1.6756596327,0,development_pool
class1_2679,-1.0371712361,-0.0641182993,1,development_pool
class0_2853,2.4412416065,-0.7900541453,0,development_pool
class0_2815,0.9851485976,1.5534144699,0,development_pool
class1_2809,-0.8680122335,0.5309994627,1,development_pool
class1_0520,2.2746713577,1.0622860321,1,development_pool
class0_2881,0.0718886222,0.8722707562,0,development_pool
class1_0955,-1.8398208769,-0.6265547958,1,development_pool
class1_0269,-0.1369130956,0.9412202792,1,development_pool
class1_2484,-0.3077229050,-1.8975707565,1,development_pool
class1_1307,-0.5782802235,-0.8367085086,1,development_pool
class1_0364,0.4392494742,0.0930473578,1,test
class1_0602,-0.6178991351,-1.9251919406,1,development_pool
class1_1989,-1.3905022145,-2.7862032099,1,development_pool
class1_0961,-2.6504816264,-0.8362182532,1,test
class0_2536,1.7885802520,1.4482697997,0,development_pool
class1_0513,-1.8884420963,-1.2695868054,1,test
class0_0448,-1.3137196683,-0.3087426318,0,development_pool
class1_0197,1.5233775226,0.4937044700,1,development_pool
class0_0999,1.2082574432,-0.1579368918,0,development_pool
class0_1964,-0.7692633961,-0.0527868465,0,test
class1_1828,-1.9095214864,0.1121180180,1,development_pool
class0_2827,-0.2497236536,1.4981379028,0,development_pool
class1_2081,1.0473043311,0.7858241402,1,development_pool
class0_2610,1.9162327008,0.0588251819,0,development_pool
class0_2129,0.1897484813,2.3965679183,0,development_pool
class0_2312,0.7439638893,1.9396253857,0,development_pool
class1_2430,-1.0303010306,-1.8573295965,1,test
class1_1524,-1.6655499496,-1.7598176206,1,development_pool
class0_2619,0.8945629558,2.7575864668,0,development_pool
class0_1534,-1.1791295362,-1.1506218524,0,development_pool
class0_1504,1.2374420061,-1.1596310262,0,development_pool
class1_1021,-0.1661033035,-0.4499856136,1,development_pool
class0_0795,1.2183942551,1.3518477848,0,test
class1_2298,-1.2062148628,-0.4314433987,1,development_pool
class1_1543,-1.4919949823,-2.1180167475,1,development_pool
class0_1975,1.7563579172,-0.2251079791,0,development_pool
class0_0552,-1.3730805415,-1.5893318635,0,development_pool
class1_1754,-0.9484538048,0.1780750664,1,development_pool
class0_1237,2.3154043713,0.1758992720,0,development_pool
class0_0622,1.8378581515,0.2658037842,0,test
class1_2365,2.5323493712,0.8150730624,1,development_pool
class0_2113,1.4002099166,2.2056388479,0,test
class0_0317,0.9805601093,0.3192387994,0,development_pool
class0_1716,-0.9853857316,1.1001782420,0,development_pool
class0_1127,1.8860701984,1.8673420810,0,development_pool
class0_1425,1.4942837573,0.6590784569,0,test
class1_2653,0.8673563894,0.0164795265,1,development_pool
class0_0661,0.0359589192,0.8565554057,0,development_pool
class0_1162,-1.2313377340,1.3627747891,0,development_pool
class1_0813,-3.7363452993,-2.4281198877,1,development_pool
class1_1619,0.2856015345,-2.3033285208,1,development_pool
class0_0473,-0.4229895799,-2.0807577715,0,test
class0_1986,1.7306270321,0.0229980929,0,development_pool
class1_0098,2.1891781155,1.9576423512,1,test
class1_0723,0.0252368321,2.3532628399,1,development_pool
class0_0485,1.6463708056,-0.5701764515,0,development_pool
class0_2198,0.7549534806,-1.3481036490,0,development_pool
class0_0904,-0.1474753008,0.6406381163,0,development_pool
class1_2024,-1.0901002605,-0.7652560076,1,test
class0_2592,0.4056708118,0.9750154916,0,development_pool
class0_2752,1.4135905156,-0.7274218955,0,development_pool
class0_1407,-0.9007856586,-1.3984528119,0,development_pool
class1_2476,-0.6374071777,0.9522006506,1,development_pool
class1_1630,-2.9314585384,-3.3211610664,1,development_pool
class1_2350,0.6200476157,-2.6089850473,1,development_pool
class0_1937,2.6850761256,0.3970338664,0,development_pool
class0_0236,2.5439974182,-1.0221235159,0,test
class1_2361,1.2156935026,-1.8492072311,1,development_pool
class0_2819,-0.6970072874,-2.2584573718,0,development_pool
class1_1661,0.2404436193,-0.3886998405,1,development_pool
class1_0196,1.3451555466,1.3392622081,1,development_pool
class1_2004,-0.8439811069,-2.0549422743,1,test
class1_0380,-2.5807509297,-2.3358314012,1,development_pool
class0_2151,1.9596635923,-0.1559417932,0,test
class1_0310,1.0393774230,0.6904020379,1,development_pool
class1_1604,-0.0710012649,-2.9260668433,1,development_pool
class0_2482,0.3776273335,0.8564015735,0,development_pool
class1_0825,1.2663804480,-0.3742728067,1,development_pool
class1_0202,-0.5436947011,0.2375181825,1,development_pool
class1_1183,-1.6049111961,-1.0601182183,1,development_pool
class0_0335,2.1694532089,3.8604083528,0,development_pool
class1_2346,-0.6907575127,0.6597121582,1,test
class0_0607,0.4883355324,1.8747464156,0,development_pool
class1_2976,0.2685062575,-3.6858719422,1,development_pool
class0_0237,0.8786601992,2.9962127089,0,development_pool
class0_2723,-0.0450136442,-0.3887614760,0,test
class1_1424,-0.2679672671,-0.0798005956,1,development_pool
class1_0999,-0.1633295741,-1.4570988925,1,development_pool
class0_2685,-0.2669897903,2.1945859818,0,development_pool
class1_0331,-0.8022138531,-1.7785918625,1,development_pool
class0_2559,-0.6309045616,-1.5440802929,0,development_pool
class0_1640,-0.0046844667,0.8536581415,0,development_pool
class1_0742,0.2718501395,-0.2116096187,1,development_pool
class1_0903,0.0824429854,-0.7778025457,1,development_pool
class1_0464,0.3561105757,-1.3961312509,1,test
class0_1774,-1.2877855101,0.9841698197,0,development_pool
class1_2118,0.8003609125,1.0271849581,1,test
class1_0469,-1.5161249811,-2.2285358869,1,test
class1_2983,0.2467672803,0.3187447752,1,development_pool
class1_1088,-0.9218711008,0.8150661008,1,development_pool
class1_1143,-0.2789640704,1.1840712258,1,development_pool
class1_0949,-1.6687525098,-1.8555653788,1,development_pool
class0_2546,2.7740146545,1.6806350761,0,development_pool
class1_1477,0.8135535911,-0.0329374531,1,test
class1_0276,-1.3806889930,0.4114701944,1,development_pool
class0_1821,1.1128484320,0.8300137930,0,development_pool
class0_1187,-0.0404858544,0.7368726179,0,development_pool
class1_2396,0.1305006764,-0.6395297251,1,development_pool
class0_1836,-1.1523217067,0.1990634691,0,test
class1_0525,1.5994721272,-0.1868784383,1,development_pool
class1_1366,0.0293814691,-0.1732539393,1,development_pool
class0_0043,1.6556637124,0.8783450429,0,development_pool
class0_0726,-1.1115147474,1.5255453055,0,test
class1_0246,0.0998157507,-1.3047581358,1,development_pool
class0_0164,-1.2118997289,0.0145388429,0,development_pool
class1_2486,-0.7171719576,-0.9991877807,1,development_pool
class1_2493,-1.5469327204,-1.2445889770,1,development_pool
class0_1286,1.5857983377,-0.6583498320,0,development_pool
class0_1651,0.9053345683,-0.5476934868,0,development_pool
class1_0264,-0.1460814828,-0.2101208051,1,development_pool
class0_2616,-1.6069160348,-0.8227799667,0,development_pool
class0_1474,2.7360871786,-1.8977607420,0,development_pool
class1_2216,-0.8952527202,0.6968823192,1,development_pool
class0_2266,-0.3915510538,1.0727643591,0,development_pool
class1_0175,1.1679277850,0.0510056957,1,development_pool
class0_0057,-1.4651585301,2.3508797417,0,development_pool
class1_1210,0.4167983406,-0.3733893331,1,development_pool
class0_0262,0.6866362648,1.5706039212,0,test
class1_2212,-0.5024427539,-0.5230208268,1,development_pool
class0_0373,0.5710642736,-0.5532532072,0,development_pool
class1_1585,-1.0237296555,-0.4935560676,1,development_pool
class0_2490,1.8503194130,-1.5895420227,0,development_pool
class0_1353,-0.5460369518,1.0730071503,0,development_pool
class1_1196,-0.7848361641,-0.9663582537,1,development_pool
class1_2571,-0.5335349688,1.7448047903,1,development_pool
class1_2813,-1.1519657958,-3.9792091642,1,development_pool
class0_0836,1.0108118594,0.4425299243,0,development_pool
class1_2422,-0.1714665526,0.7449913284,1,development_pool
class0_2296,0.9300927341,1.2341078921,0,development_pool
class0_1208,-0.6757378001,-0.2551390732,0,development_pool
class0_1106,1.2179853747,2.1544964913,0,development_pool
class0_0182,0.2920143744,0.9143434983,0,development_pool
class0_2066,0.7288158721,0.7323603275,0,development_pool
class1_0337,-0.9463510165,-0.7538084460,1,development_pool
class1_0430,-0.6095456804,0.7824226668,1,test
class1_2032,-2.7202192878,0.0399549147,1,development_pool
class0_0530,0.2713722397,-0.3027810147,0,development_pool
class1_1589,-1.2798660676,-2.1062870430,1,test
class1_0304,0.1227029114,0.4136419440,1,development_pool
class0_2521,1.3373434847,-1.2843112145,0,development_pool
class1_1794,-1.3368087526,-0.4367281356,1,development_pool
class0_0570,-0.6098695393,0.4763826022,0,development_pool
class1_2680,-0.0805474394,0.3722282584,1,development_pool
class0_0505,-0.0811017193,-0.9102845436,0,development_pool
class0_2028,1.3075207782,1.6272150596,0,development_pool
class1_2874,1.4527036054,-3.2475325035,1,development_pool
class0_0954,2.8630542972,1.1174736403,0,development_pool
class1_0812,0.8287920681,-0.3049963988,1,development_pool
class0_2037,2.0709236200,1.8464384114,0,development_pool
class1_2017,-0.5591942379,-1.3977711900,1,development_pool
class0_2622,-0.7192605586,0.2945796291,0,development_pool
class1_2479,1.3692380594,1.7169080879,1,development_pool
class1_1867,-0.7399714084,-2.6689503861,1,development_pool
class1_0029,-1.3651372265,0.2237652121,1,development_pool
class0_0662,0.1900384604,0.9437235662,0,development_pool
class1_1854,-2.7468452859,-1.2090724412,1,development_pool
class0_2025,0.2943339341,0.9036425959,0,development_pool
class0_0547,-0.2305271053,-0.1500528851,0,development_pool
class1_1095,-1.8805388003,-0.4141080120,1,development_pool
class1_2837,-0.8734386389,2.3877475597,1,test
class0_2047,0.4360387377,0.7792756491,0,development_pool
class0_1468,-1.4718167607,0.8096348399,0,development_pool
class1_2179,0.5681580893,-2.5165029654,1,development_pool
class0_0740,1.6808027486,1.0030952639,0,development_pool
class1_0351,-1.5162155891,-1.7437200860,1,development_pool
class1_0083,-1.5245193690,-2.4722533273,1,development_pool
class0_2553,-0.0358967401,0.2765025972,0,development_pool
class0_2400,1.8725731256,3.0177066239,0,test
class1_2232,0.8064383756,-0.5036978721,1,development_pool
class1_0527,-1.7476431757,-1.2446848000,1,development_pool
class0_1894,0.8855868279,-0.4858345396,0,test
class0_1381,0.5257961063,-0.7202445106,0,test
class0_2003,1.3377150634,2.2557163367,0,development_pool
class1_1000,-3.6775306018,-0.4586514079,1,development_pool
class1_2285,-1.3071473433,1.2169820501,1,development_pool
class0_0096,0.2602376237,1.5869649310,0,development_pool
class1_2559,-0.8597741068,-0.9760054360,1,development_pool
class0_0305,1.0286112513,3.3462731328,0,development_pool
class0_0640,0.5572467944,0.0783656272,0,test
class1_0164,-0.4891768529,0.4698248643,1,development_pool
class0_2894,-0.9029749217,2.1059390154,0,development_pool
class1_0915,0.2092432106,-1.5718759476,1,development_pool
class0_0825,-2.6323206874,1.3794140564,0,test
class1_2219,1.2093695195,0.6682953334,1,test
class1_1368,1.4821806744,0.4955267201,1,test
class0_0038,2.3486654831,3.6219513677,0,development_pool
class0_1661,1.0142216466,-0.3863549254,0,test
class0_2664,0.8224788757,1.1598968095,0,development_pool
class1_2313,-1.4155568259,-1.8579160097,1,development_pool
class0_2239,0.3514715451,1.5235364996,0,development_pool
class0_0628,0.2723148354,-1.6016529727,0,development_pool
class1_0445,0.1757252917,0.0258251844,1,test
class0_1056,1.1422907089,0.8900930232,0,development_pool
class1_1587,-0.2070956703,-1.9905683392,1,development_pool
class0_1839,0.5469369559,0.3141815185,0,development_pool
class0_1970,1.4299364330,0.2330780739,0,test
class0_0588,1.4326835925,0.9978636331,0,development_pool
class0_1036,-1.3733592095,0.5416462702,0,development_pool
class0_2357,-0.1651248544,0.3878949663,0,development_pool
class1_2306,-1.1763703026,0.5621396257,1,development_pool
class0_0242,1.8664065386,2.1816110479,0,development_pool
class0_2703,1.3029825906,1.3127009223,0,development_pool
class1_0508,-0.5203688873,0.1067808409,1,development_pool
class0_2657,1.1177876549,1.4097730483,0,test
class0_1388,1.1866129650,0.7452857484,0,test
class1_1809,-0.5555891209,-2.3709823654,1,development_pool
class0_2415,0.4376921261,-1.1899265254,0,development_pool
class1_2371,-1.5331536606,-1.3109545068,1,test
class0_1946,-0.6085602212,0.2939553851,0,development_pool
class0_0780,-0.7060772762,-1.1261001529,0,development_pool
class0_0299,1.5141729579,-0.0021212705,0,development_pool
class1_3000,0.3285400279,-1.1374830424,1,development_pool
class1_2557,-0.2346780590,-0.8276758090,1,development_pool
class1_1688,1.0623356075,-0.5267082431,1,development_pool
class1_2751,-1.3507876613,-0.6996464919,1,development_pool
class0_2155,1.0466793860,0.3269534746,0,development_pool
class1_0695,-1.5619924095,-0.2712363848,1,development_pool
class1_0451,-1.4408256159,-1.3556154338,1,development_pool
class0_0115,0.6521825293,1.7050108348,0,development_pool
class0_1222,1.1917026668,2.2601934042,0,development_pool
class0_0040,1.9525123450,-1.1266161773,0,development_pool
class0_0684,1.2488096132,-0.1970028920,0,development_pool
class0_0372,1.0725449084,1.1129649896,0,test
class1_2857,-1.8092080817,-1.3552807894,1,development_pool
class1_0244,0.8061452807,-1.3735348310,1,development_pool
class0_1502,-0.5698159104,2.3545772335,0,development_pool
class0_1088,-0.3262636118,2.9108358563,0,development_pool
class0_2350,0.7435550258,0.0167806315,0,development_pool
class1_2518,1.0959953818,-0.4298765940,1,development_pool
class1_1679,-1.7055031660,-0.5474096877,1,development_pool
class1_1464,1.0144253945,0.5494678772,1,development_pool
class1_1102,0.6334727838,-0.6081807688,1,development_pool
class1_1922,0.9884080417,-0.9501846199,1,development_pool
class0_0210,-0.6710791328,-0.5664799511,0,development_pool
class1_0063,-1.3490932122,-2.5545124711,1,development_pool
class1_2562,-1.3670200426,-0.8801590462,1,development_pool
class1_0011,-1.0458907746,-0.4274091176,1,development_pool
class1_2873,-1.7999805191,-0.8565458714,1,test
class1_2937,-0.2203723224,-1.5546741132,1,development_pool
class0_1893,0.4859157589,-0.3669956262,0,development_pool
class0_2202,1.0641402712,1.6041815087,0,development_pool
class1_0645,-1.3070734098,-1.3311836434,1,development_pool
class0_1689,1.5125791617,0.0183236351,0,development_pool
class0_2014,1.4423103328,1.0398296854,0,development_pool
class0_0611,1.3866686947,1.8666408751,0,development_pool
class1_0762,-1.0169457666,-0.3179094282,1,development_pool
class1_0747,0.0703184751,0.0730807505,1,development_pool
class1_2045,-2.3971903131,-0.0638770409,1,development_pool
class0_0901,-1.2566401856,-1.3506155143,0,development_pool
class0_2499,-2.5861532082,2.2363465386,0,test
class0_0701,1.0774975292,1.9088763985,0,development_pool
class1_1409,-0.3083710696,-0.1824349355,1,development_pool
class0_0970,-0.6059647760,-0.4541699274,0,development_pool
class0_1802,-1.4451514087,-1.4440935901,0,development_pool
class1_2690,-1.0988603903,-1.0110108277,1,test
class1_0173,-0.5887461385,-0.4715131935,1,development_pool
class1_2083,1.4615486144,2.2378339188,1,test
class0_2430,0.4856419337,0.2663911794,0,test
class0_0078,0.7753012685,-0.3313671896,0,test
class1_1859,0.0799649680,-1.5711694925,1,development_pool
class1_2269,-0.6333895440,-2.4489417803,1,test
class0_1956,1.6733646059,2.0119160886,0,development_pool
class0_1450,0.5501326484,0.9952606730,0,development_pool
class1_1872,0.7397854563,1.0309436044,1,development_pool
class1_0785,-1.1640082270,-2.0683066679,1,development_pool
class0_2240,1.0065932949,2.6392750672,0,test
class0_0326,-2.1267072857,-0.3814402465,0,development_pool
class1_0382,-2.0734260972,0.5094770955,1,test
class1_1043,0.7017647032,1.0660347426,1,development_pool
class1_0732,1.5124572218,-0.2717194804,1,development_pool
class0_0515,0.7102174605,-0.8742859681,0,test
class0_0381,0.9515895954,1.1406063875,0,development_pool
class1_2533,-1.4524550365,-1.9591550168,1,development_pool
class1_0849,-0.3873686611,-2.5700567495,1,test
class1_2878,-0.8883625916,1.0255600856,1,development_pool
class0_2353,0.0519240454,-0.1473943118,0,development_pool
class1_1485,-2.1627438970,0.1501283609,1,development_pool
class0_1734,0.7884989882,0.9928809155,0,development_pool
class0_1788,1.4826106934,1.9271607913,0,development_pool
class0_1281,1.3954931661,1.5282391457,0,development_pool
class1_2082,-0.6895489420,-0.8476540226,1,development_pool
class1_2948,0.0590623306,-0.3238542845,1,development_pool
class1_0934,-1.9436656339,-0.6884161707,1,development_pool
class1_1200,-1.1124563164,-1.1708409528,1,development_pool
class1_2276,1.2464983366,-0.9385883891,1,development_pool
class1_1075,-0.3173762308,-1.1830648054,1,development_pool
class0_2681,0.4555046083,0.6322698800,0,test
class1_2500,-1.0299396190,-1.4711429981,1,development_pool
class0_1322,1.8092420321,0.7990302698,0,development_pool
class0_0028,-1.1994585057,0.2432744511,0,development_pool
class0_1282,1.1801154798,1.5757542929,0,development_pool
class1_1853,-0.3879678234,-1.6412092974,1,development_pool
class0_1860,0.7545059894,0.5897694135,0,test
class1_2678,-2.2985416236,-0.0949334568,1,test
class0_2293,-0.2455809296,1.6027816982,0,development_pool
class1_2663,-1.6437273545,-0.2283731391,1,test
class1_0117,1.6016471429,-2.2524702160,1,development_pool
class1_2749,0.4652873428,-0.5631184779,1,development_pool
class1_1781,0.4231676738,-0.8215073517,1,development_pool
class1_1179,0.2436029608,-1.1358541760,1,development_pool
class1_0854,-1.9579819201,-2.0320322004,1,development_pool
class1_2939,-0.0787148863,-0.5516977931,1,test
class0_2234,-0.6299901842,0.0170780548,0,test
class0_2206,1.1813569353,1.0867389121,0,development_pool
class0_0827,0.5891522938,0.0420294256,0,development_pool
class1_1869,-0.5123335215,-1.2817420230,1,test
class0_0360,0.8890627232,0.8008429422,0,development_pool
class0_2343,0.9684547021,1.9992398239,0,development_pool
class0_0940,2.7212739656,1.4728254269,0,test
class0_0507,-0.9349227406,-2.0026079173,0,test
class0_0948,0.8704377749,0.2972191522,0,development_pool
class0_0136,0.2449021425,-1.9795259371,0,development_pool
class0_0778,0.4302966441,0.9994168401,0,development_pool
class1_1564,-0.4108129320,-1.6724803571,1,development_pool
class0_0364,0.2132764043,0.7517476668,0,development_pool
class0_0626,-0.4595493073,0.8317482074,0,development_pool
class0_0376,2.4228663542,0.3288455674,0,development_pool
class1_1883,-0.4072034965,-0.8746463337,1,development_pool
class0_1787,0.0453639504,0.3459879287,0,development_pool
class0_1668,0.2118356198,-1.8673797476,0,development_pool
class0_1920,1.6587321579,1.1780055278,0,development_pool
class1_1439,0.7101555343,-1.1866802085,1,development_pool
class1_1907,-1.7335242249,0.0026346061,1,development_pool
class1_1287,-1.8302006026,0.0515530816,1,development_pool
class1_0176,-2.3332804132,-3.9413297058,1,test
class0_1930,1.3381862509,1.0354888205,0,development_pool
class0_2551,-0.8645795247,-0.0873723947,0,development_pool
class0_0775,-1.1771459537,0.7236108235,0,development_pool
class0_1177,0.9095739442,-1.2065555442,0,development_pool
class0_2578,1.3330956939,1.3162603976,0,development_pool
class0_2985,0.6381349961,-0.2793605755,0,development_pool
class0_2667,-0.6673595056,1.1813099555,0,development_pool
class0_0932,1.1016375462,-1.6071765389,0,development_pool
class1_1156,-1.7337834136,2.4464496441,1,development_pool
class1_2332,-0.0724034347,-2.7294146230,1,development_pool
class0_0600,-0.7690822326,1.3442350343,0,test
class0_0362,1.2032711010,2.3547308842,0,development_pool
class1_2469,-0.8430389961,-1.4601245510,1,test
class1_0394,-0.5493651858,-2.3032830927,1,development_pool
class0_0220,2.1589975330,2.0729434079,0,development_pool
class1_1926,0.2274433596,-0.0146589002,1,development_pool
class0_1630,-1.7384159346,0.4867453078,0,development_pool
class1_0533,0.0033653484,-1.4515682041,1,development_pool
class1_1540,1.8152090152,-0.7932182623,1,development_pool
class1_1478,-1.0461693299,0.5816832011,1,development_pool
class0_0296,0.8020981733,0.0621144387,0,development_pool
class1_2003,-1.0384965908,-2.2329899643,1,development_pool
class0_1859,-4.3643723749,-0.7889638937,0,development_pool
class0_1613,0.9960135425,-0.5343932564,0,test
class1_2047,2.5917214638,1.0723271013,1,test
class0_0862,-0.6775587671,0.2757644398,0,development_pool
class0_1190,0.6906350792,1.0938599062,0,test
class1_1142,1.0144672241,-3.5450280834,1,development_pool
class1_2395,1.5052968772,0.8000721857,1,test
class0_1675,-0.0379745256,-0.2502070252,0,development_pool
class0_2269,0.5294102960,0.0594623922,0,test
class1_0041,-2.2172069286,-1.7211295392,1,development_pool
class1_1765,-0.5488913206,-0.7842929889,1,development_pool
class0_0366,1.0720491723,-0.4436394173,0,development_pool
class1_1595,-1.6627019005,0.8319532578,1,development_pool
class0_0818,1.1302605213,0.5049310110,0,development_pool
class0_1866,0.3275343379,-0.9555018111,0,development_pool
class0_0883,1.3866113768,0.0802593687,0,test
class0_0953,0.2549957124,0.9485957914,0,development_pool
class0_0931,-0.0006329280,1.2554658476,0,development_pool
class1_2930,-0.1500075985,-0.1061340346,1,development_pool
class0_1185,0.6019725234,2.5164836527,0,development_pool
class0_2398,1.6215084120,-0.3366815232,0,development_pool
class1_0249,-2.3615772781,-0.5306010974,1,test
class0_1501,2.9763565297,1.6434538024,0,test
class0_1494,0.5440859857,0.6887378459,0,development_pool
class0_1914,1.2381534178,1.9934785822,0,development_pool
class0_0555,-0.3908431167,2.5743615064,0,development_pool
class1_0694,-0.4436230710,0.0433483230,1,test
class1_1504,-1.0668993043,0.4513167300,1,development_pool
class1_1841,0.9495908549,-1.1952952378,1,development_pool
class1_0075,0.7022494453,1.1013229776,1,development_pool
class1_0853,0.4548129081,-0.0094742265,1,test
class1_1192,-1.5505914471,0.3748429559,1,development_pool
class1_1065,-0.5450129292,-0.1093616638,1,development_pool
class0_2558,0.2250009703,1.0295880793,0,development_pool
class0_0208,0.7645144253,-0.3950359311,0,test
class0_2159,0.6959621683,2.4433112671,0,development_pool
class0_2914,0.5768016977,0.6300556975,0,development_pool
class1_1555,-2.2794900069,-1.6279973435,1,development_pool
class1_1472,-0.6312023666,-0.0930164948,1,development_pool
class0_2846,1.7879443459,-0.9176702713,0,development_pool
class0_0815,-0.2249290379,1.0961822588,0,development_pool
class1_2384,1.1406087827,3.5867000022,1,development_pool
class1_1772,-0.8023164804,-1.6836169008,1,development_pool
class0_0350,-0.2333844210,-0.5198335791,0,test
class1_0297,-1.4123513360,-2.3763682201,1,development_pool
class0_0403,1.1516830111,0.6727156170,0,development_pool
class0_0672,-0.8367865826,1.0077546948,0,development_pool
class1_0688,-2.4741108245,0.5814321036,1,development_pool
class0_2079,0.3702841853,-0.3693173005,0,development_pool
class1_1153,-1.9070277555,-0.6706304194,1,development_pool
class0_0368,-0.8424152000,-0.1102703285,0,development_pool
class1_0021,-2.3489553173,-0.4612938854,1,development_pool
class0_2638,0.2819845475,1.4955586435,0,development_pool
class1_2713,0.8809187392,0.3076604841,1,development_pool
class0_0017,1.3321039543,-0.3064947709,0,development_pool
class1_2251,-2.9955361786,-0.9289150755,1,development_pool
class0_1585,0.9138718588,0.2694586650,0,development_pool
class1_0698,0.8801789423,-1.9637817858,1,development_pool
class1_0223,-0.5482977100,-1.9395155068,1,development_pool
class1_2069,2.0521033860,-0.7878320661,1,development_pool
class1_0375,0.1192644997,-0.1588382839,1,development_pool
class1_1078,-1.0797287021,-1.6777213209,1,test
class1_1532,-0.2696407894,-1.4905232722,1,development_pool
class0_0313,-0.6154435831,-1.4074155036,0,development_pool
class0_0274,0.1098195909,-0.2047369686,0,development_pool
class0_0145,0.7157686822,-0.2489132658,0,development_pool
class1_0746,0.3504856627,-0.8489057353,1,test
class1_2190,-0.2234257988,-0.4505867663,1,development_pool
class0_2984,-1.2554419348,0.6405475014,0,development_pool
class0_1616,2.4656478372,-0.6727202249,0,development_pool
class1_2242,0.2948430618,1.2432152554,1,development_pool
class0_0013,0.9305265300,1.1023670670,0,development_pool
class0_0035,0.6566295562,-0.3427856701,0,development_pool
class0_2431,1.5912827882,0.3114755938,0,development_pool
class0_2291,1.0638960265,-0.4613375661,0,development_pool
class0_2103,0.8802787173,-0.0900047364,0,development_pool
class0_1345,-0.6923690687,0.2564635070,0,test
class1_2283,-1.5654837789,-3.7984008098,1,test
class0_1934,-1.0840141469,1.4777587099,0,development_pool
class1_2851,-1.5592590956,-0.5862437623,1,test
class1_2966,-1.7199934805,1.6530550244,1,development_pool
class0_1898,0.7447414369,0.2403069639,0,development_pool
class0_2526,-0.4636621048,0.0803610983,0,test
class0_1220,2.1588002082,-0.3300983341,0,development_pool
class1_1475,-1.2493255601,-0.3820430565,1,development_pool
class1_2154,-0.8130633261,-0.2148167599,1,development_pool
class0_0924,-0.0298197364,-1.3716920412,0,development_pool
class1_1942,0.2908810774,0.9844491509,1,test
class1_1172,-1.9206043537,-3.9813820076,1,development_pool
class0_0793,-0.4436883466,0.6300662430,0,development_pool
class1_1247,0.0374642582,-0.8227611108,1,development_pool
class1_0317,0.4637616207,-0.7173711895,1,development_pool
class0_1245,1.9628868623,-1.0110580034,0,development_pool
class0_2843,2.1925201911,-0.1220332057,0,development_pool
class0_0543,-0.1954446120,0.4707730431,0,development_pool
class0_0625,1.4834027954,-0.9269803751,0,development_pool
class0_1320,1.1713052146,1.7877711496,0,development_pool
class1_2741,-0.7748618375,-0.2538325339,1,development_pool
class0_1513,2.5747396206,1.9728458238,0,development_pool
class1_0431,-1.1467583712,1.7136658892,1,development_pool
class1_1905,1.6245399879,1.3070599640,1,development_pool
class1_2676,0.3553079501,1.1895534531,1,development_pool
class0_0573,0.6521228707,0.6762578274,0,development_pool
class1_2014,-0.5352333660,-0.9305676322,1,development_pool
class1_0581,-0.7139049650,-0.8026279039,1,development_pool
class0_2974,0.1671636673,1.9733937737,0,development_pool
class0_1815,2.4537599683,1.4735000911,0,development_pool
class1_1113,-1.0021731716,-1.7453504908,1,development_pool
class0_2511,1.1243551405,-0.0144829102,0,development_pool
class1_2861,0.4799545205,-1.0743539926,1,development_pool
class0_0250,2.4017964783,0.2595723466,0,development_pool
class0_2721,1.5615535692,0.5805557077,0,development_pool
class0_1771,-0.9378139879,1.3100677742,0,development_pool
class0_0697,-1.5158266669,-1.3043070415,0,test
class1_0314,-1.9817398703,0.2730095368,1,test
class0_1140,-0.4904412156,0.2262021338,0,test
class0_1905,-0.7494063277,0.5066775329,0,development_pool
class1_2421,1.5847821918,-0.1568211095,1,development_pool
class1_1074,-2.3848959397,0.1939560818,1,development_pool
class0_0323,0.9443831093,0.5218815718,0,development_pool
class1_1970,2.1785294920,-0.7822258035,1,development_pool
class1_1763,1.0097136105,-0.2596750089,1,development_pool
class1_1778,-1.6474169357,1.4640960734,1,development_pool
class0_0858,1.0779836879,0.9377301301,0,development_pool
class0_0834,1.8390183102,1.0570243648,0,development_pool
class0_2633,0.0041254701,-1.2640519840,0,development_pool
class0_2568,1.9621224836,2.0399349006,0,development_pool
class0_1805,2.1019436130,1.4586972097,0,test
class0_2693,-0.3170409339,-0.2811058784,0,development_pool
class1_0897,0.7263372145,0.0288874430,1,development_pool
class1_0769,1.5515272592,-1.7328977315,1,development_pool
class0_1648,2.4780146758,0.8121478797,0,development_pool
class0_1235,0.0138709849,-0.3103965900,0,development_pool
class1_0222,0.1138762453,1.5108283360,1,development_pool
class0_1892,2.3970844068,0.5810676849,0,test
class0_0375,2.1697317265,-0.0094582742,0,development_pool
class0_0525,-1.9697833349,0.1682449975,0,development_pool
class0_2374,1.2097794436,-0.4728401839,0,development_pool
class0_0831,-0.6580695782,-0.8409805537,0,development_pool
class1_2957,0.1839438604,-0.9278179110,1,development_pool
class0_1597,-1.1861418036,-2.1429881750,0,development_pool
class0_2512,1.9152693054,-0.5625024058,0,test
class0_0085,1.3166371296,0.1489540848,0,development_pool
class0_1933,1.4170393080,0.2885114163,0,development_pool
class1_0392,-0.3491674863,-0.7606218245,1,development_pool
class0_0031,1.0983954212,0.8107737714,0,development_pool
class0_2966,2.0337225675,0.8004653083,0,development_pool
class1_2854,-0.2623597867,0.7018257977,1,development_pool
class0_0864,0.3825406896,1.6343784478,0,development_pool
class0_2342,-0.3537193743,-1.4373727097,0,test
class1_0580,0.6228571553,-0.0015698025,1,development_pool
class0_2173,1.0991856266,1.1414993327,0,development_pool
class1_0409,2.5110130727,0.2164319828,1,development_pool
class1_0959,0.1147098956,-0.5936100197,1,development_pool
class0_2121,1.5563850624,2.9383702454,0,development_pool
class0_2885,1.5629151514,-0.9520182498,0,development_pool
class1_1552,-2.2630597030,-0.1280502429,1,development_pool
class1_0922,-0.8181839863,-1.4305546257,1,development_pool
class1_0433,-1.2874214829,0.3092698263,1,test
class0_1300,-0.2574688649,-1.0195208597,0,development_pool
class0_1335,-0.5085693638,0.4606539110,0,development_pool
class1_2292,1.6799199771,-1.7555852373,1,development_pool
class1_1360,-0.3763339195,-1.6166031448,1,development_pool
class0_2565,0.2823023126,0.4338555200,0,development_pool
class0_2717,0.6657860069,0.1310867579,0,test
class1_0412,-0.1081733991,0.7549404879,1,test
class0_1461,0.6048656463,1.7590229141,0,development_pool
class1_0991,0.7717534305,-0.0092393525,1,development_pool
class0_0148,0.6980308359,-0.3754200933,0,development_pool
class0_0789,1.1300453534,2.9344518024,0,test
class1_2370,1.0182106574,-1.2356985933,1,development_pool
class0_1346,1.6535742254,1.2754463816,0,test
class1_0944,-0.3284555865,-2.8927186843,1,test
class1_1361,-0.3550989831,-0.0576472982,1,development_pool
class1_2568,0.3693612162,-1.7115298239,1,development_pool
class0_1554,1.2834101560,2.1701534131,0,development_pool
class1_2704,-0.9468103750,1.4089551320,1,development_pool
class0_2215,0.7767711753,0.0287778880,0,development_pool
class0_2302,-2.0671935566,-0.0351268028,0,development_pool
class1_2754,-1.2706481096,-1.8154377238,1,test
class1_0840,0.8437049490,-0.5131015431,1,test
class0_1042,3.6483750672,0.0911468306,0,development_pool
class0_0097,1.2618379495,-0.6680522680,0,development_pool
class0_0608,-0.1866830200,1.7463106871,0,development_pool
class0_1018,-2.6434269061,1.6318200427,0,development_pool
class1_1707,-0.7165932337,-1.3434565335,1,development_pool
class0_2316,2.3834001252,1.5479123894,0,test
class1_1802,-0.3864057228,-0.9745174642,1,development_pool
class0_2479,-0.1354860537,1.5067979096,0,development_pool
class1_2210,-1.3183106832,-1.3037554625,1,development_pool
class0_2413,0.3725694291,0.7462972149,0,development_pool
class0_1180,1.8685435922,2.5016258055,0,development_pool
class0_1867,2.3025398298,2.5272716187,0,development_pool
class1_1415,-0.0254843631,-1.9543094247,1,test
class1_0790,1.1399184626,-1.0737310352,1,test
class1_0597,-1.1900815046,0.3454651648,1,development_pool
class0_0741,0.1034841888,-0.4741064468,0,development_pool
class0_2822,2.1348248641,4.2404721742,0,development_pool
class1_0507,-1.8950944557,-0.7609595225,1,development_pool
class1_1430,2.4267480149,-0.3848579238,1,test
class0_0714,-0.5961478359,-2.3052308871,0,development_pool
class1_2200,1.2060736681,-1.6905021673,1,development_pool
class1_0771,-1.0476561090,-1.1095099201,1,test
class1_2606,-1.3813440083,-1.5075350820,1,development_pool
class0_0772,-0.7219436327,-1.4300741084,0,development_pool
class0_1900,2.2292791630,0.6554864515,0,development_pool
class0_2124,-1.3570508307,2.0453234310,0,development_pool
class1_2454,0.0312588482,0.5527195375,1,development_pool
class1_0086,0.2360031049,0.4412667969,1,development_pool
class0_1283,1.6655136527,1.0332865513,0,development_pool
class1_1386,-1.3591099433,1.0708292202,1,development_pool
class0_2447,1.1362940437,0.9441609366,0,development_pool
class1_1403,0.6804524830,-2.4397209247,1,development_pool
class1_0027,-0.8173200159,0.5063138726,1,test
class0_1034,2.9176772968,2.7096529133,0,development_pool
class0_1464,0.4439484354,0.7765806685,0,development_pool
class1_1880,0.0470568511,-0.8067287567,1,development_pool
class1_0658,-0.6316977744,1.7528162747,1,test
class0_1578,2.7488299904,0.2216683639,0,test
class1_2178,-3.1515412727,0.8341495903,1,test
class1_1561,2.6811516486,0.4778354331,1,development_pool
class0_2609,0.6166938389,-0.1687605986,0,development_pool
class0_0258,0.4620498006,1.6322968556,0,development_pool
class1_0600,-1.0385982055,-3.3301588235,1,development_pool
class0_2397,0.4040565229,0.8134591689,0,development_pool
class1_2300,-1.0513256536,-0.4954006099,1,test
class0_1724,1.2293109168,-0.0177377930,0,development_pool
class1_1563,-1.1243305399,-1.0245508352,1,development_pool
class1_2113,-2.4255285601,-0.9929556991,1,development_pool
class1_0219,0.9940860380,0.5585085764,1,development_pool
class1_0365,-0.8906017402,1.8730392606,1,development_pool
class0_1211,-1.3995333285,0.4123876965,0,development_pool
class0_1389,0.9300965697,0.5559703353,0,development_pool
class0_0800,1.0441820103,-0.0836352967,0,development_pool
class1_0097,-0.6024916777,0.8809185170,1,development_pool
class0_1022,0.8791803334,1.1152074862,0,development_pool
class1_0643,-0.8672202911,-2.5039385150,1,development_pool
class0_0204,1.6231203449,1.4025469951,0,development_pool
class0_2808,2.9627379031,-0.9932041206,0,development_pool
class1_1092,-0.6066947526,-0.3898354215,1,development_pool
class0_0575,-0.3566268828,-1.6687337615,0,development_pool
class1_2510,-0.2495809848,1.7767084293,1,development_pool
class0_2260,0.8649901890,-0.5259221690,0,development_pool
class1_1047,-0.0226267868,-0.7810663719,1,test
class0_1347,0.6414709285,0.4331094060,0,development_pool
class1_1030,0.0944122351,-1.4416548519,1,development_pool
class1_0070,-1.2819412728,0.1987819728,1,development_pool
class0_2339,-1.0137930198,0.6993562000,0,test
class0_2588,-1.4168570128,1.3739064967,0,development_pool
class0_0143,-0.0114924291,-3.0356538443,0,development_pool
class1_0910,-0.2557863460,0.1071265460,1,test
class0_2686,2.5503745679,0.8066225090,0,development_pool
class1_1125,-4.2280872044,-3.1800463285,1,development_pool
class0_2495,-1.5356336360,2.1702066759,0,development_pool
class1_0107,0.9626270138,-1.0584342620,1,development_pool
class0_2197,0.6049512564,-0.2203435367,0,development_pool
class0_0112,1.0981607615,-1.4002479230,0,development_pool
class0_0129,-0.1537390364,-1.2500558583,0,test
class1_0456,0.4641303852,2.5390062157,1,test
class1_0004,1.0328986072,-1.4235421751,1,test
class0_0881,-1.6306564411,-0.4809574757,0,development_pool
class1_2608,-1.8419066328,-0.1192758935,1,development_pool
class1_0895,-1.3187122212,0.4284494776,1,test
class1_0434,-0.9142985435,-2.1629355641,1,development_pool
class1_0321,-0.8490507247,1.9343310372,1,development_pool
class0_1472,0.0399505869,-0.2551755558,0,test
class1_1817,0.3189237197,-0.7532190759,1,test
class0_0649,-0.1470668139,-0.5967582041,0,test
class0_2238,-0.7005901995,0.0957920822,0,test
class0_1413,-0.7702792299,1.8697096839,0,test
class0_0602,-0.0368584422,0.8048152452,0,test
class1_2100,-1.9629985127,-1.4873914173,1,development_pool
class0_0912,1.2168069485,0.2098272803,0,development_pool
class1_0199,0.3849796722,-1.6066493421,1,development_pool
class0_1194,1.4344852246,0.0026693943,0,development_pool
class0_1758,-0.2807261219,0.4558079244,0,development_pool
class0_1589,2.2798990451,1.5031301792,0,development_pool
class1_0547,-0.0371937461,1.8082993663,1,development_pool
class1_2781,0.2229171055,-1.5477218737,1,development_pool
class0_1410,1.6195798397,-1.3667576790,0,development_pool
class0_2375,1.2479388216,1.3994705237,0,test
class0_0526,0.7868727881,1.4000489855,0,development_pool
class1_0844,-0.4464103689,0.3948516207,1,development_pool
class1_2050,0.3313050621,-0.5721313823,1,development_pool
class0_2852,0.9123721968,-0.0231220368,0,development_pool
class0_0986,2.2145178938,-2.3407125916,0,development_pool
class1_1637,-0.3506643916,1.2499464637,1,development_pool
class1_0704,-0.6855720595,0.3980332923,1,development_pool
class1_0591,-0.5202603620,-1.0763563011,1,test
class0_2581,1.8480085551,-1.3660099708,0,development_pool
class1_2483,-0.6426362050,-0.9063457695,1,development_pool
class1_1060,-0.2878146805,-0.2714773341,1,test
class1_0236,-0.2918881737,-0.7794051093,1,test
class1_0885,-2.0618076863,-0.2546297587,1,development_pool
class1_0740,-2.0465125618,-2.5937870072,1,development_pool
class1_0435,1.0238199788,-1.0247518582,1,development_pool
class0_0454,1.2120272820,2.3681183354,0,development_pool
class1_0768,0.8351139851,-0.8314100646,1,development_pool
class1_1792,0.7453466703,1.1625540252,1,test
class1_0669,0.8808005401,-1.8113947944,1,development_pool
class0_1714,-0.8120617583,1.3328460667,0,development_pool
class0_2829,-0.4240683913,-0.4927928627,0,test
class1_1886,3.0012943458,3.4409368681,1,development_pool
class1_1703,-2.4899983871,0.3069413646,1,development_pool
class1_0278,0.8527630659,-1.3205478396,1,development_pool
class1_2275,-0.6842970291,0.4195101063,1,development_pool
class0_2428,-2.4363201812,1.1944530651,0,development_pool
class0_0910,1.4649617050,-0.0643702424,0,development_pool
class0_1003,2.1312240122,2.4616572028,0,development_pool
class0_2951,2.5203649579,-1.3871311896,0,development_pool
class1_1239,0.5571169609,-1.8465144761,1,development_pool
class1_2076,0.1295399880,-1.1944388139,1,development_pool
class0_0179,0.7411571232,0.2939690827,0,development_pool
class1_0521,-0.9064583038,-1.5476615912,1,development_pool
class0_1348,-0.9254593158,1.2920045675,0,development_pool
class0_0332,0.9520074981,0.1101374627,0,development_pool
class0_0027,0.6683821798,1.6159870118,0,development_pool
class0_2728,-1.5099910537,0.6580839963,0,development_pool
class1_2564,1.3071839244,-0.3751829855,1,development_pool
class1_2150,-1.8760096423,-1.1854414502,1,development_pool
class0_1102,0.8189425872,-1.1845872639,0,development_pool
class0_0369,-0.5040802958,1.0182980303,0,development_pool
class0_2839,-0.7123515164,1.3715422164,0,development_pool
class1_2658,0.3167711028,-1.0255240106,1,development_pool
class0_0567,-1.3822070882,-0.6795947695,0,development_pool
class1_2593,0.7490081272,-0.8644038480,1,development_pool
class1_0987,0.5166847930,-0.2743464926,1,development_pool
class0_0880,-2.0480698112,-0.0110130991,0,development_pool
class1_0272,1.2986059047,1.0236366607,1,development_pool
class1_0296,0.6170037452,-1.2075764598,1,development_pool
class0_1700,-1.3416415388,-1.9681313329,0,development_pool
class1_1446,-0.6244500118,0.1979658593,1,development_pool
class1_1927,-0.6543783685,-1.6486838120,1,test
class0_0370,-1.8657354625,-0.2942801151,0,development_pool
class1_2894,-0.7386968192,0.9834352554,1,development_pool
class0_1462,0.7344260212,0.6349861248,0,development_pool
class1_2123,-1.6359827382,-2.4413063339,1,development_pool
class1_1901,-1.7756924837,-0.9960882258,1,development_pool
class1_1418,-1.1554379564,-1.1850619101,1,test
class0_0279,1.2976420123,0.6275257493,0,development_pool
class1_1860,-0.5893365194,-1.5393202983,1,development_pool
class1_2279,-0.5539920761,-0.9659600661,1,development_pool
class1_1404,0.3453957651,0.2994020889,1,test
class1_0081,-1.3111462751,0.0390134982,1,development_pool
class1_0446,-4.1925611675,1.2746276202,1,development_pool
class1_2843,-2.0149001264,-1.2294957487,1,development_pool
class1_1490,-0.9205362268,-1.2664270843,1,development_pool
class1_0018,0.7998982081,0.9073148771,1,development_pool
class1_2652,1.8709141339,-1.4994315390,1,development_pool
class0_1537,-0.9559768686,1.5720849688,0,development_pool
class1_1451,-0.5553052590,-0.2235161621,1,development_pool
class1_1577,-1.8901621165,-0.9985054151,1,development_pool
class1_2172,0.8677747276,-0.6320436470,1,development_pool
class1_1205,0.1266070757,0.0632179027,1,development_pool
class0_2650,-0.3765472754,0.0553675368,0,development_pool
class0_1561,1.4329291584,0.4845642483,0,development_pool
class1_0878,-0.6485274268,-0.4540283927,1,development_pool
class1_0578,1.4701928630,-1.7387708647,1,development_pool
class1_1398,2.0055432145,-0.8072480839,1,development_pool
class1_2860,-1.0480125813,1.6539404537,1,development_pool
class0_2716,1.6289344966,0.6727533957,0,development_pool
class1_2955,0.1954828348,0.1130464830,1,development_pool
class1_2739,-1.6943096039,-1.5277325896,1,development_pool
class0_0816,0.6957271182,-0.6154429737,0,development_pool
class1_1803,-2.4941518255,-0.1321918682,1,development_pool
class1_1289,0.2489485866,-1.2800165263,1,test
class0_2697,0.2867400382,0.5180995319,0,development_pool
class1_2485,-1.4466534109,-0.7111861046,1,development_pool
class1_0393,-0.8230675360,-1.4755859369,1,development_pool
class1_1902,-1.9006532050,-3.4739851130,1,test
class1_2942,-0.2477604570,-0.1232636770,1,development_pool
class0_0540,-1.5823246773,-0.2651668182,0,development_pool
class0_0758,0.6727430002,0.4841325712,0,development_pool
class1_0408,0.7125971779,0.9891733784,1,development_pool
class0_1505,-0.1621993337,-0.8920625059,0,test
class0_0330,0.4239013901,0.2002592016,0,development_pool
class0_2310,0.5977248114,0.4337910972,0,development_pool
class0_1465,-1.7604602877,-0.2338081994,0,development_pool
class0_1120,0.3545285610,1.4177685426,0,test
class1_0377,-0.5323461913,0.0342867426,1,development_pool
class1_1632,-0.4860104170,-1.6734151062,1,development_pool
class0_2519,-1.0410356142,-2.1048904490,0,test
class0_0561,-1.4682637091,0.3706757328,0,test
class1_0846,-0.4262323979,-1.3510908882,1,development_pool
class1_2672,-0.0678249174,-0.0211312057,1,development_pool
class0_0469,0.9201359723,2.0175170617,0,development_pool
class1_1189,1.5134823363,0.0754190827,1,development_pool
class0_0483,-0.5303792440,1.7006407528,0,development_pool
class0_0489,2.8066243037,-0.9484334024,0,development_pool
class0_0289,-0.3206332077,0.8735860156,0,development_pool
class1_2086,-2.8839409196,-1.4742330130,1,development_pool
class1_0084,-1.4583686704,-1.6969408274,1,development_pool
class1_0770,0.4391424589,-0.0425598702,1,development_pool
class1_1406,-0.8930749421,-0.3806268725,1,test
class1_1052,1.4081980673,-1.4963722287,1,test
class1_1534,-0.0936147907,0.7947662460,1,development_pool
class0_0874,-0.8132995787,-0.0370078287,0,development_pool
class1_2924,-0.4652619282,-2.4946688798,1,development_pool
class1_1518,-0.7783582117,-0.1659508492,1,development_pool
class1_0776,-2.3096528364,0.6605522645,1,development_pool
class0_0442,0.1555194870,1.7731265621,0,test
class0_1522,0.8827551393,1.2301096992,0,test
class1_0131,-2.4426753281,-1.2447770918,1,development_pool
class1_2506,-0.5959182347,-0.7962249938,1,test
class1_0384,-2.7444582292,-2.3075326956,1,development_pool
class1_1551,-0.9680200882,0.6151984238,1,test
class1_1884,-1.4344040524,-1.3359653572,1,development_pool
class0_2209,1.7615056083,-1.2587424178,0,development_pool
class0_2108,0.0243574625,0.8893285299,0,test
class0_0060,-1.1666217394,-0.0017320941,0,development_pool
class1_0024,-1.6892339952,0.6854831960,1,development_pool
class1_2134,0.0013142199,-0.1918983201,1,development_pool
class0_1943,0.1453803524,0.9761986569,0,development_pool
class1_0900,0.7834778748,-2.0572868852,1,development_pool
class1_0953,-1.5004480418,-1.6106271226,1,development_pool
class0_2715,2.6057357996,-0.1424861123,0,development_pool
class1_2906,1.2373794895,-0.7010144620,1,development_pool
class1_1672,-2.1697540267,-1.4804120767,1,development_pool
class1_2689,-1.2479482667,0.2638117452,1,test
class0_2497,0.1698914847,1.0479304673,0,development_pool
class1_0013,-0.2888468742,-0.1082442200,1,test
class0_2803,-0.0681338537,0.2735926936,0,test
class1_2650,0.1313724844,-0.5610821629,1,development_pool
class0_1875,0.2863243968,-1.9973912822,0,development_pool
class1_1669,-1.6556491977,-1.9844566687,1,development_pool
class1_1610,0.6742229624,0.0337109851,1,development_pool
class1_2055,-1.4444910081,0.5903328637,1,development_pool
class1_0099,1.2265426506,0.4882686760,1,development_pool
class1_2299,-1.6590093588,-0.2888370265,1,development_pool
class0_1574,1.7229603708,0.6196653646,0,development_pool
class0_1287,0.8231865599,0.7454099016,0,development_pool
class1_0071,-0.0050158718,-0.0761685073,1,development_pool
class1_1226,0.8138253528,1.5170123105,1,development_pool
class0_1660,-2.3613836268,1.2328080048,0,development_pool
class0_0341,0.6899215076,-1.0591979752,0,development_pool
class1_1459,-1.7792336329,-2.5657850695,1,development_pool
class0_2386,1.2406781229,-0.2694857309,0,development_pool
class0_0105,-2.9729301178,2.9956958424,0,development_pool
class0_2983,-0.8953968263,-0.7003512341,0,development_pool
class0_1564,1.2902216404,3.3325268201,0,development_pool
class0_0870,-1.7265763613,0.9234944802,0,development_pool
class1_0040,-0.2673901243,1.8033505502,1,development_pool
class1_2763,0.0171817894,0.5381181133,1,development_pool
class0_0877,2.5385128208,-0.2974914683,0,development_pool
class0_1398,1.1870158100,-0.1273641783,0,test
class1_1107,1.0044094863,-0.5111131408,1,development_pool
class0_2249,0.4297300068,2.0979759791,0,development_pool
class0_1945,-0.2938145952,1.0223986377,0,development_pool
class1_0444,-0.4980863226,2.2990975607,1,test
class1_0616,-0.8213816925,1.7929565130,1,test
class1_1640,0.1768291515,-0.2988480928,1,development_pool
class0_2816,0.5326004667,1.8723807258,0,development_pool
class0_0583,-2.3599195777,1.4197285978,0,development_pool
class0_2940,1.0265901417,1.5243327479,0,development_pool
class0_1195,-1.1464170511,0.4573843219,0,test
class1_2026,0.6876512849,1.6742862918,1,development_pool
class1_2659,-1.6746213535,-1.0458808239,1,development_pool
class1_2783,-1.5113580428,-1.5177757078,1,development_pool
class0_1153,-3.8021889711,1.0156761391,0,development_pool
class0_1655,-1.1705667890,-1.1710527285,0,development_pool
class0_1124,2.3831179187,0.3222049117,0,development_pool
class0_2699,-0.2951520291,0.8404907805,0,test
class0_1752,0.4174402470,0.4967556955,0,development_pool
class0_0090,-1.3559584588,2.8581094936,0,development_pool
class1_1357,0.8622926936,0.3535759292,1,development_pool
class1_1709,-2.4426638237,-1.8474494569,1,development_pool
class1_2686,1.6167619326,-1.1655625558,1,development_pool
class0_0593,0.7101254557,2.1675619132,0,development_pool
class0_1717,0.0803943680,-0.0712952795,0,test
class1_2064,1.1602521499,-3.0573556697,1,test
class0_0215,0.8582041153,-1.8664233812,0,test
class0_1976,0.6573807948,-0.6350830278,0,development_pool
class0_2138,2.4964983091,2.3395948944,0,development_pool
class0_0199,1.0765170835,3.1739271467,0,development_pool
class1_1083,-1.1408247197,3.4956174787,1,development_pool
class1_1721,1.3624984341,0.9734683575,1,development_pool
class0_2012,1.6498463257,2.8637782145,0,development_pool
class1_0890,0.4442157337,-1.0120506864,1,development_pool
class1_2810,-1.4095328946,-0.0030940276,1,development_pool
class0_1834,-0.6511871922,0.2634907320,0,development_pool
class0_2876,1.4980881641,-0.4122241633,0,development_pool
class0_0784,0.0368022259,0.8360918250,0,test
class0_1352,-2.2019693677,-0.6160453583,0,development_pool
class0_0742,-0.8287849037,-1.4478986203,0,development_pool
class0_0406,1.0178962208,0.3366677946,0,development_pool
class1_2633,-1.8583090750,0.2582217691,1,test
class1_0385,-1.5784853672,-2.5532566377,1,development_pool
class1_2817,-3.0869987856,-2.5163503151,1,development_pool
class0_0542,-0.8035122698,2.4137718721,0,development_pool
class1_0711,-0.0855553685,-0.1017678767,1,test
class0_1006,2.6158692670,1.4342611209,0,development_pool
class1_0419,-0.0090552694,-2.7518728540,1,development_pool
class0_1202,1.2290494093,0.8082031220,0,development_pool
class0_2438,1.8626178902,0.2909926556,0,development_pool
class1_2079,1.0231615412,0.0585225884,1,development_pool
class1_0405,0.8670641974,-1.1543494372,1,development_pool
class0_1939,-0.5894947979,-0.2130335012,0,development_pool
class1_2268,1.9796339166,0.0997445626,1,development_pool
class1_1708,1.3530949868,-0.0299834736,1,development_pool
class0_2682,1.1597720173,-0.2771874239,0,development_pool
class1_1431,-0.8856496467,-0.6758441982,1,development_pool
class0_1725,1.1881897523,0.5474191184,0,development_pool
class0_2207,3.4391146948,-0.4308647926,0,development_pool
class0_2935,1.4193431833,0.8205154869,0,test
class1_1581,0.0927001224,-0.0653273272,1,development_pool
class0_0427,0.1836702774,2.0256867667,0,development_pool
class1_0307,-1.0382588405,2.3647705949,1,development_pool
class1_1506,0.1814627118,-1.8298951851,1,development_pool
class1_1962,0.3197530781,1.9416880685,1,test
class0_0409,-0.4424511781,0.9357589242,0,development_pool
class0_2533,-0.0467932376,-0.3641868005,0,test
class0_0195,0.0452164288,-0.8485188715,0,development_pool
class0_0165,-0.5788063850,0.3946222922,0,development_pool
class1_1956,-1.4568911894,0.0426225377,1,development_pool
class0_2494,0.6559656752,0.7634329114,0,development_pool
class0_0809,0.7989129490,-0.3657567378,0,development_pool
class0_1804,0.4017316356,2.0779352944,0,development_pool
class1_0555,1.4719569559,2.0200160606,1,test
class1_2125,-1.2628119361,-1.2533131339,1,development_pool
class1_0857,-0.5234757645,-0.0072372396,1,development_pool
class0_0710,-1.3434003531,-0.5566645824,0,development_pool
class1_1319,-0.8296114892,-2.5889310678,1,test
class1_1750,-1.8523240119,0.7273034748,1,development_pool
class1_1119,-0.6026070562,-2.1317324214,1,test
class1_2368,2.9378306324,-2.0700382018,1,development_pool
class0_2080,1.0512834821,1.1816763437,0,development_pool
class0_0122,-0.6496840871,0.6915380925,0,development_pool
class0_1891,0.8956643086,0.3895487114,0,test
class0_1669,1.9111256955,1.6803434332,0,development_pool
class0_2513,-0.7039850468,-2.6164828110,0,development_pool
class1_1651,-1.5555897537,-0.2436709514,1,development_pool
class0_1097,-0.3645186861,-2.4763387732,0,test
class0_1921,1.6325982957,0.5329979172,0,development_pool
class1_1118,-2.1125137101,-0.8912975269,1,development_pool
class1_1122,-1.3719178225,0.7018202011,1,development_pool
class0_0102,-1.3437441849,0.2887989342,0,test
class1_1836,-0.9783777928,-0.3766329688,1,development_pool
class1_2473,-2.3080657373,-0.4332844839,1,development_pool
class1_0625,2.4584864783,0.1794272511,1,test
class0_1129,-0.0154545703,-0.6672959382,0,development_pool
class1_2853,-1.5679661497,-0.4065389690,1,development_pool
class1_0472,-2.4771254924,-0.9894271231,1,development_pool
class1_2888,-1.2209349453,-2.2511979196,1,test
class1_0282,-1.4565004124,0.8232693945,1,development_pool
class0_0374,0.9079345933,-0.2622996135,0,development_pool
class1_2436,-1.9504213943,-1.5136758746,1,development_pool
class0_0462,0.9161651423,-0.1684573603,0,development_pool
class0_2999,0.3494989195,-1.5364949277,0,development_pool
class0_0534,0.8290701292,2.6274152554,0,development_pool
class0_1965,1.4854201140,1.7522754619,0,development_pool
class0_1656,1.2730632474,1.9693852390,0,development_pool
class1_0015,1.8194675787,0.9099125125,1,development_pool
class0_0629,-1.4113122172,-0.7621707592,0,development_pool
class1_0619,-0.4711299255,-0.0411474205,1,development_pool
class0_1701,-0.4075453889,0.4751235610,0,development_pool
class0_0746,-0.9580340400,3.0051112518,0,test
class1_2641,-2.2650569113,-2.7864300613,1,development_pool
class0_2354,-0.4597389215,-1.2097320683,0,development_pool
class1_2433,-1.5924701831,0.6874914385,1,development_pool
class1_2699,0.0100034563,-1.2345571745,1,test
class0_0141,-0.1205762246,0.9051922056,0,development_pool
class0_1600,0.5144715290,1.1919542052,0,development_pool
class1_0586,0.1499507884,-0.2322730458,1,development_pool
class1_0677,-0.9360824406,0.8902088160,1,development_pool
class0_2067,-1.5006411840,0.4697660833,0,test
class1_2449,1.4657852329,0.4002743850,1,development_pool
class1_0701,-0.3468449893,0.5424569460,1,development_pool
class0_1012,0.2229738376,-1.8046420060,0,development_pool
class1_0217,1.9430997589,-0.1319978935,1,development_pool
class1_1851,-0.6126434602,0.0793867980,1,development_pool
class0_2135,0.8437873307,2.2836230878,0,development_pool
class1_2975,1.2127768226,-0.6475239727,1,development_pool
class1_0657,0.7953363181,-2.2202076887,1,development_pool
class1_2822,0.3659768456,-4.2300972454,1,development_pool
class0_0478,-0.2875181788,1.4433890806,0,development_pool
class1_0145,-1.6304100268,-2.1185328506,1,development_pool
class0_2538,0.2313891855,0.3875340438,0,development_pool
class0_2469,-0.4557326385,1.4497602466,0,development_pool
class0_0331,1.4678186791,0.6206284502,0,development_pool
class1_0798,-1.3608117469,-2.3845717429,1,development_pool
class0_0933,0.5503549532,-2.0251665600,0,development_pool
class0_1039,-1.0166966804,0.8483530700,0,development_pool
class1_2378,0.0536356268,0.0482431194,1,development_pool
class0_2106,1.1599561218,0.3264161186,0,test
class1_1598,1.6416220091,-0.7282548815,1,development_pool
class0_2661,1.2164476753,-0.6400934216,0,development_pool
class1_0047,0.3291775035,-1.0204689351,1,development_pool
class0_2276,-1.4718448188,-0.1715307623,0,development_pool
class0_0580,-0.1797712124,-0.6829978278,0,development_pool
class1_0784,0.7888923196,-1.1088693475,1,development_pool
class1_2828,2.0495104730,0.9805475499,1,development_pool
class1_1408,-0.8477305906,-0.7458902456,1,development_pool
class0_0121,1.3407256533,1.1629767225,0,development_pool
class1_0051,-0.1209409372,0.2363198535,1,test
class0_2800,0.0368894093,0.7479598591,0,development_pool
class0_2948,-0.7076304797,0.8519890403,0,development_pool
class1_1181,-1.3206785650,-0.9225398343,1,development_pool
class0_2145,-1.4007879577,-0.4625868163,0,development_pool
class1_0972,0.5252459816,1.2144101186,1,development_pool
class0_0572,0.5450841266,0.7396263318,0,development_pool
class0_1198,1.7020465671,-0.5437341504,0,development_pool
class0_2802,-0.0487038987,1.4545034973,0,development_pool
class1_0492,0.2829929932,-0.7576323788,1,development_pool
class1_2909,-1.6701168057,-1.0182680500,1,development_pool
